Task start time;End time;Map name;Cleaning plan;Robot name;S/N;User;Task completion (%);Cleaning plan area (?);Total time;Total time (h);Actual cleaning area(?);Work efficiency (?/h);Water usage (L);Start battery level (%);End battery level (%);Remaining life of consumables;Remaining life of consumables;Remaining life of consumables;Planned crystallization area (?);Actual crystallization area (?);Receive task report time;Task start mode;Uncleaned area (?);Plan running time (s);Task type;Remarks;Download link;Task status
08/07/2024 09:05;08/07/2024 10:16;coursives_F1;Coursive_F1_Fusion;Atalian_ADP;GS142-0230-J4P-P000;user;93.48;601.45;0 h 56 min 30 sec;0.9417;562.22;597.00;0;98;71;100.00;100.00;100.00;;;08/07/2024 16:16;normal;39.23;00:50:07;aspiration;00:00:00;https://api-gateway.gs-robot.com/legacy/public/robot-task/app/report/v3a/png/1/en/c7528e51-02b7-41a8-bc7a-d742c5fbf0b7;Normal end
08/07/2024 10:52;08/07/2024 12:22;coursives_F2;Coursives_F2_Fusion;Atalian_ADP;GS142-0230-J4P-P000;user;91.39;598.74;1 h 5 min 4 sec;1.0844;547.20;504.55;0;69;37;100.00;100.00;100.00;;;08/07/2024 18:22;normal;51.54;00:49:53;aspiration;00:00:00;https://api-gateway.gs-robot.com/legacy/public/robot-task/app/report/v3a/png/1/en/928d6478-76ec-4b3f-808e-729bffbac906;Normal end
09/07/2024 08:33;09/07/2024 09:56;coursives_F1;Coursive_F1_Fusion;Atalian_ADP;GS142-0230-J4P-P000;user;92.24;601.45;1 h 1 min 38 sec;1.0272;554.79;539.94;0;99;69;100.00;100.00;100.00;;;09/07/2024 15:56;normal;46.66;00:50:07;aspiration;00:00:00;https://api-gateway.gs-robot.com/legacy/public/robot-task/app/report/v3a/png/1/en/7047caf9-9239-4def-acca-87c24591306e;Normal end
09/07/2024 10:52;09/07/2024 12:24;coursives_F2;Coursives_F2_Fusion;Atalian_ADP;GS142-0230-J4P-P000;user;90.74;598.30;1 h 6 min 5 sec;1.1014;542.91;492.82;0;66;33;100.00;100.00;100.00;;;09/07/2024 18:24;normal;55.39;00:49:51;aspiration;00:00:00;https://api-gateway.gs-robot.com/legacy/public/robot-task/app/report/v3a/png/1/en/677a5035-51f8-4c91-8afe-3a8bb29ae157;Normal end
09/07/2024 22:58;10/07/2024 01:21;coursives_F2;Correspondance_F2_K2;Atalian_ADP;GS142-0230-J4P-P000;user;92.41;1,109.27;2 h 9 min 1 sec;2.1503;1,025.10;476.71;0;99;50;100.00;100.00;100.00;;;10/07/2024 07:21;normal;84.17;01:32:26;aspiration;00:00:00;https://api-gateway.gs-robot.com/legacy/public/robot-task/app/report/v3a/png/1/en/409b4635-d8cf-4350-99ac-fd473ee4cc50;Normal end
10/07/2024 08:31;10/07/2024 09:55;coursives_F1;Coursive_F1_Fusion;Atalian_ADP;GS142-0230-J4P-P000;user;92.41;602.21;1 h 2 min 38 sec;1.0439;556.50;532.99;0;98;67;100.00;100.00;100.00;;;10/07/2024 15:55;normal;45.71;00:50:11;aspiration;00:00:00;https://api-gateway.gs-robot.com/legacy/public/robot-task/app/report/v3a/png/1/en/8e69f58e-a25b-4790-9368-87dd9d7fdeff;Normal end
10/07/2024 12:11;10/07/2024 13:38;coursives_F2;Coursives_F2_Fusion;Atalian_ADP;GS142-0230-J4P-P000;user;91.71;598.00;1 h 3 min 18 sec;1.0550;548.43;519.78;0;58;26;100.00;100.00;100.00;;;10/07/2024 19:38;normal;49.58;00:49:50;aspiration;00:00:00;https://api-gateway.gs-robot.com/legacy/public/robot-task/app/report/v3a/png/1/en/a5848fe3-7b8c-4143-bfa9-46d9f6ac60d3;Normal end
11/07/2024 01:40;11/07/2024 03:59;coursives_F2;Correspondance_F2_K2;Atalian_ADP;GS142-0230-J4P-P000;user;92.92;1,109.67;2 h 8 min 2 sec;2.1339;1,031.16;483.18;0;99;43;100.00;100.00;100.00;;;11/07/2024 09:59;normal;78.51;01:32:28;aspiration;00:00:00;https://api-gateway.gs-robot.com/legacy/public/robot-task/app/report/v3a/png/1/en/983b57f6-1317-4782-ae39-66f2da110d49;Normal end
11/07/2024 08:34;11/07/2024 11:52;coursives_F1;Correspondance_F1_K1;Atalian_ADP;GS142-0230-J4P-P000;user;93.28;994.11;2 h 31 min 13 sec;2.5203;927.30;367.90;0;99;20;100.00;100.00;100.00;;;11/07/2024 17:52;normal;66.81;01:22:50;aspiration;00:00:00;https://api-gateway.gs-robot.com/legacy/public/robot-task/app/report/v3a/png/1/en/7806e9b5-e811-4a8d-a661-711633793331;Normal end
12/07/2024 08:41;12/07/2024 11:56;coursives_F1;Correspondance_F1_K1;Atalian_ADP;GS142-0230-J4P-P000;user;92.94;994.69;2 h 32 min 26 sec;2.5406;924.45;363.84;0;99;18;100.00;100.00;100.00;;;12/07/2024 17:56;normal;70.24;01:22:53;aspiration;00:00:00;https://api-gateway.gs-robot.com/legacy/public/robot-task/app/report/v3a/png/1/en/c4c00e1e-2992-42af-a9ed-38805d5f6843;Normal end
12/07/2024 14:26;12/07/2024 23:16;coursives_F2;Correspondance_F2_K2;Atalian_ADP;GS142-0230-J4P-P000;user;85.68;1,108.63;2 h 15 min 55 sec;2.2653;949.84;419.26;0;88;99;100.00;100.00;100.00;;;13/07/2024 05:16;normal;158.79;01:32:23;aspiration;00:00:00;https://api-gateway.gs-robot.com/legacy/public/robot-task/app/report/v3a/png/1/en/b6b26e93-7577-4b27-b2f0-0b4309e2e750;Manual termination
12/07/2024 23:19;13/07/2024 01:46;coursives_F2;Correspondance_F2_K2;Atalian_ADP;GS142-0230-J4P-P000;user;93.10;1,109.79;2 h 13 min 10 sec;2.2194;1,033.27;465.53;0;99;38;100.00;100.00;100.00;;;13/07/2024 07:46;normal;76.53;01:32:28;aspiration;00:00:00;https://api-gateway.gs-robot.com/legacy/public/robot-task/app/report/v3a/png/1/en/b4b0bff7-7efb-46b8-a5fd-dcaf6ae18cf7;Normal end
13/07/2024 08:39;13/07/2024 09:54;coursives_F1;Coursive_F1_Fusion;Atalian_ADP;GS142-0230-J4P-P000;user;91.51;601.79;0 h 56 min 25 sec;0.9403;550.70;585.56;0;99;71;100.00;100.00;100.00;;;13/07/2024 15:54;normal;51.10;00:50:08;aspiration;00:00:00;https://api-gateway.gs-robot.com/legacy/public/robot-task/app/report/v3a/png/1/en/56ed3f8c-1479-4739-b364-58af615a2e98;Normal end
13/07/2024 12:12;13/07/2024 13:31;coursives_F2;Coursives_F2_Fusion;Atalian_ADP;GS142-0230-J4P-P000;user;92.40;598.00;1 h 0 min 40 sec;1.0111;552.54;546.41;0;62;33;100.00;100.00;100.00;;;13/07/2024 21:51;normal;45.46;00:49:50;aspiration;00:00:00;https://api-gateway.gs-robot.com/legacy/public/robot-task/app/report/v3a/png/1/en/05647db4-402c-4734-893c-47518a361a58;Normal end
13/07/2024 15:52;13/07/2024 17:16;coursives_F2;Coursives_F2_Fusion;Atalian_ADP;GS142-0230-J4P-P000;user;91.96;598.40;1 h 1 min 52 sec;1.0311;550.29;533.62;0;99;69;100.00;100.00;100.00;;;13/07/2024 23:16;normal;48.11;00:49:51;aspiration;00:00:00;https://api-gateway.gs-robot.com/legacy/public/robot-task/app/report/v3a/png/1/en/d2ae98e8-ef7e-46ae-9a86-b2ca5bb2ea60;Normal end
14/07/2024 08:49;14/07/2024 12:08;coursives_F1;Correspondance_F1_K1;Atalian_ADP;GS142-0230-J4P-P000;user;92.84;994.16;2 h 38 min 11 sec;2.6364;922.94;350.07;0;99;15;100.00;100.00;100.00;;;14/07/2024 18:08;normal;71.22;01:22:50;aspiration;00:00:00;https://api-gateway.gs-robot.com/legacy/public/robot-task/app/report/v3a/png/1/en/ce2ff760-faea-46f2-b47b-08c27c49c4d3;Normal end
14/07/2024 16:29;14/07/2024 17:47;coursives_F2;Coursives_F2_Fusion;Atalian_ADP;GS142-0230-J4P-P000;user;92.10;598.17;0 h 59 min 59 sec;0.9997;550.92;551.02;0;99;71;100.00;100.00;100.00;;;14/07/2024 23:47;normal;47.25;00:49:50;aspiration;00:00:00;https://api-gateway.gs-robot.com/legacy/public/robot-task/app/report/v3a/png/1/en/6ba2902c-4311-4753-830b-2a4406caddf7;Normal end
15/07/2024 10:02;15/07/2024 11:18;coursives_F2;Coursives_F2_Fusion;Atalian_ADP;GS142-0230-J4P-P000;user;91.89;598.19;0 h 57 min 49 sec;0.9636;549.68;570.30;0;99;72;100.00;100.00;100.00;;;15/07/2024 17:18;normal;48.51;00:49:50;aspiration;00:00:00;https://api-gateway.gs-robot.com/legacy/public/robot-task/app/report/v3a/png/1/en/79980387-266d-4852-a00e-cd53ce885c41;Normal end
15/07/2024 15:31;15/07/2024 16:57;coursives_F2;Coursives_F2_Fusion;Atalian_ADP;GS142-0230-J4P-P000;user;92.02;599.86;1 h 2 min 29 sec;1.0414;551.96;529.91;0;99;70;100.00;100.00;100.00;;;15/07/2024 22:57;normal;47.90;00:49:59;aspiration;00:00:00;https://api-gateway.gs-robot.com/legacy/public/robot-task/app/report/v3a/png/1/en/2aa10089-6f07-42be-929b-0561dfceb04d;Normal end
15/07/2024 23:49;16/07/2024 08:31;Porte_K_CorrespondanceF2;K1_K2_Cage_CorrespondanceF2;Atalian_ADP;GS142-0230-J4P-P000;user;85.97;1,623.91;3 h 12 min 43 sec;3.2119;1,396.10;434.64;0;99;99;100.00;100.00;100.00;;;16/07/2024 14:31;normal;227.81;02:15:19;aspiration;00:00:00;https://api-gateway.gs-robot.com/legacy/public/robot-task/app/report/v3a/png/1/en/2a241da7-6d65-4cd3-9d23-901dc6090013;Manual termination
16/07/2024 08:37;16/07/2024 10:01;coursives_F1;Coursive_F1_Fusion;Atalian_ADP;GS142-0230-J4P-P000;user;92.41;601.72;1 h 3 min 12 sec;1.0533;556.07;527.86;0;98;67;100.00;100.00;100.00;;;16/07/2024 16:01;normal;45.66;00:50:08;aspiration;00:00:00;https://api-gateway.gs-robot.com/legacy/public/robot-task/app/report/v3a/png/1/en/266bb8eb-ff9b-4485-8a25-c60a4ae88e95;Normal end
16/07/2024 11:43;16/07/2024 13:07;coursives_F2;Coursives_F2_Fusion;Atalian_ADP;GS142-0230-J4P-P000;user;91.86;598.77;1 h 1 min 32 sec;1.0256;550.02;536.23;0;61;30;100.00;100.00;100.00;;;16/07/2024 19:07;normal;48.75;00:49:53;aspiration;00:00:00;https://api-gateway.gs-robot.com/legacy/public/robot-task/app/report/v3a/png/1/en/fe1c0687-8147-4654-ad9a-0bda6facfce9;Normal end
16/07/2024 16:07;16/07/2024 22:51;coursives_F1;Correspondance_F1_K1;Atalian_ADP;GS142-0230-J4P-P000;user;75.41;990.55;1 h 41 min 41 sec;1.6947;746.98;440.76;0;98;99;100.00;100.00;100.00;;;17/07/2024 04:51;normal;243.57;01:22:32;aspiration;00:00:00;https://api-gateway.gs-robot.com/legacy/public/robot-task/app/report/v3a/png/1/en/3b509032-8550-4a29-acb5-f4ec26c0acac;Manual termination
16/07/2024 22:53;17/07/2024 08:36;Porte_K_CorrespondanceF2;K1_K2_Cage_CorrespondanceF2;Atalian_ADP;GS142-0230-J4P-P000;user;87.89;1,624.15;3 h 13 min 31 sec;3.2253;1,427.50;442.57;0;99;99;100.00;100.00;100.00;;;17/07/2024 14:36;normal;196.65;02:15:20;aspiration;00:00:00;https://api-gateway.gs-robot.com/legacy/public/robot-task/app/report/v3a/png/1/en/9acf60ef-8c46-41dd-ae9b-0a1f3916816a;Manual termination
17/07/2024 08:49;17/07/2024 10:12;coursives_F1;Coursive_F1_Fusion;Atalian_ADP;GS142-0230-J4P-P000;user;92.27;601.60;1 h 1 min 30 sec;1.0250;555.10;541.49;0;99;68;100.00;100.00;100.00;;;17/07/2024 16:12;normal;46.51;00:50:08;aspiration;00:00:00;https://api-gateway.gs-robot.com/legacy/public/robot-task/app/report/v3a/png/1/en/74430c4f-471b-4165-909a-b3e92c6fb0b6;Normal end
17/07/2024 11:08;17/07/2024 12:39;coursives_F2;Coursives_F2_Fusion;Atalian_ADP;GS142-0230-J4P-P000;user;90.71;598.48;1 h 4 min 4 sec;1.0678;542.91;508.39;0;65;33;100.00;100.00;100.00;;;17/07/2024 18:39;normal;55.58;00:49:52;aspiration;00:00:00;https://api-gateway.gs-robot.com/legacy/public/robot-task/app/report/v3a/png/1/en/e2546729-d41a-4fa1-845f-c11581c4b3dc;Normal end
17/07/2024 16:33;17/07/2024 17:52;coursives_F2;Coursives_F2_Fusion;Atalian_ADP;GS142-0230-J4P-P000;user;92.02;598.72;0 h 59 min 58 sec;0.9994;550.95;551.12;0;98;79;100.00;100.00;100.00;;;17/07/2024 23:52;normal;47.77;00:49:53;aspiration;00:00:00;https://api-gateway.gs-robot.com/legacy/public/robot-task/app/report/v3a/png/1/en/07fedc9a-728a-425a-95ad-62412548fb91;Normal end
17/07/2024 23:23;18/07/2024 09:15;Porte_K_CorrespondanceF2;K1_K2_Cage_CorrespondanceF2;Atalian_ADP;GS142-0230-J4P-P000;user;90.98;1,625.29;3 h 11 min 29 sec;3.1914;1,478.66;463.31;0;99;97;100.00;100.00;100.00;;;18/07/2024 15:14;normal;146.63;02:15:26;aspiration;00:00:00;https://api-gateway.gs-robot.com/legacy/public/robot-task/app/report/v3a/png/1/en/a47439a1-02c6-4a3b-ba0e-91ade5adff24;Manual termination
18/07/2024 09:18;18/07/2024 10:27;coursives_F1;Coursive_F1_Fusion;Atalian_ADP;GS142-0230-J4P-P000;user;92.81;601.29;0 h 55 min 39 sec;0.9275;558.03;601.55;0;97;71;100.00;100.00;100.00;;;18/07/2024 16:27;normal;43.26;00:50:06;aspiration;00:00:00;https://api-gateway.gs-robot.com/legacy/public/robot-task/app/report/v3a/png/1/en/0b27d520-bd90-4958-9326-7743e9c1ac9a;Normal end
18/07/2024 17:11;18/07/2024 19:59;coursives_F2;Coursives_F2_Fusion;Atalian_ADP;GS142-0230-J4P-P000;user;92.34;598.34;2 h 27 min 53 sec;2.4647;552.53;224.16;0;91;22;100.00;100.00;100.00;;;19/07/2024 01:59;normal;45.81;00:49:51;aspiration;00:00:00;https://api-gateway.gs-robot.com/legacy/public/robot-task/app/report/v3a/png/1/en/68308e4d-8676-4bd1-b7e1-1755b4f1b812;Normal end
18/07/2024 22:59;19/07/2024 08:23;Porte_K_CorrespondanceF2;K1_K2_Cage_CorrespondanceF2;Atalian_ADP;GS142-0230-J4P-P000;user;87.43;1,624.05;3 h 12 min 36 sec;3.2100;1,419.89;442.31;0;99;99;100.00;100.00;100.00;;;19/07/2024 14:23;normal;204.16;02:15:20;aspiration;00:00:00;https://api-gateway.gs-robot.com/legacy/public/robot-task/app/report/v3a/png/1/en/4da12877-3272-4af8-a73f-5d4826eaf5d6;Manual termination
19/07/2024 08:29;19/07/2024 08:51;coursives_F1;Correspondance_F1_K1;Atalian_ADP;GS142-0230-J4P-P000;user;0.00;982.15;0 h 0 min 0 sec;0.0000;0.00;0.00;0;99;98;100.00;100.00;100.00;;;19/07/2024 14:51;normal;982.15;01:21:50;aspiration;00:00:00;https://api-gateway.gs-robot.com/legacy/public/robot-task/app/report/v3a/png/1/en/056371f0-baff-4a47-aa9b-7f9ed2f9b591;Manual termination
19/07/2024 08:53;19/07/2024 13:50;coursives_F1;Correspondance_F1_K1;Atalian_ADP;GS142-0230-J4P-P000;user;71.80;989.44;3 h 9 min 56 sec;3.1656;710.39;224.40;0;98;5;100.00;100.00;100.00;;;19/07/2024 19:50;normal;279.05;01:22:27;aspiration;00:00:00;https://api-gateway.gs-robot.com/legacy/public/robot-task/app/report/v3a/png/1/en/f8ee97d8-f09b-45d3-9507-a9a3919e0799;Manual termination
19/07/2024 18:26;19/07/2024 23:21;coursives_F2;Correspondance_F2_K2;Atalian_ADP;GS142-0230-J4P-P000;user;56.53;1,107.33;1 h 29 min 59 sec;1.4997;626.01;417.34;0;99;99;100.00;100.00;100.00;;;20/07/2024 05:20;normal;481.32;01:32:16;aspiration;00:00:00;https://api-gateway.gs-robot.com/legacy/public/robot-task/app/report/v3a/png/1/en/983851cb-bfff-46d6-b119-f582077e2b9c;Manual termination
19/07/2024 23:23;20/07/2024 09:41;Porte_K_CorrespondanceF2;K1_K2_Cage_CorrespondanceF2;Atalian_ADP;GS142-0230-J4P-P000;user;87.47;1,625.12;3 h 11 min 39 sec;3.1942;1,421.50;445.02;0;99;96;100.00;100.00;100.00;;;20/07/2024 15:41;normal;203.62;02:15:25;aspiration;00:00:00;https://api-gateway.gs-robot.com/legacy/public/robot-task/app/report/v3a/png/1/en/489f1a76-412d-4f33-8e57-c878cf6efe29;Manual termination
20/07/2024 09:42;20/07/2024 15:42;coursives_F1;Coursive_F1_Fusion;Atalian_ADP;GS142-0230-J4P-P000;user;0.00;596.29;0 h 0 min 0 sec;0.0000;0.00;0.00;0;96;99;100.00;100.00;100.00;;;20/07/2024 21:42;normal;596.29;00:49:41;aspiration;00:00:00;https://api-gateway.gs-robot.com/legacy/public/robot-task/app/report/v3a/png/1/en/b4f415da-7fd2-4303-8e98-163b2d2b1bbe;Manual termination
20/07/2024 15:44;20/07/2024 15:49;coursives_F2;Coursives_F2_Fusion;Atalian_ADP;GS142-0230-J4P-P000;user;0.00;592.50;0 h 0 min 0 sec;0.0000;0.00;0.00;0;99;99;100.00;100.00;100.00;;;20/07/2024 21:49;normal;592.50;00:49:22;aspiration;00:00:00;https://api-gateway.gs-robot.com/legacy/public/robot-task/app/report/v3a/png/1/en/0cf13843-d35a-42dd-9e48-b9d17c3b418c;Manual termination
20/07/2024 15:50;21/07/2024 08:13;coursives_F2;Coursives_F2_Fusion;Atalian_ADP;GS142-0230-J4P-P000;user;79.34;596.88;0 h 54 min 27 sec;0.9075;473.56;521.71;0;99;99;100.00;100.00;100.00;;;21/07/2024 14:13;normal;123.32;00:49:44;aspiration;00:00:00;https://api-gateway.gs-robot.com/legacy/public/robot-task/app/report/v3a/png/1/en/8f8ff15c-4da8-475d-873e-f89dc05365f9;Manual termination
21/07/2024 08:16;21/07/2024 11:40;coursives_F1;Correspondance_F1_K1;Atalian_ADP;GS142-0230-J4P-P000;user;92.00;994.58;2 h 32 min 12 sec;2.5367;915.06;360.72;0;99;15;100.00;100.00;100.00;;;21/07/2024 17:40;normal;79.53;01:22:52;aspiration;00:00:00;https://api-gateway.gs-robot.com/legacy/public/robot-task/app/report/v3a/png/1/en/d71d7dfb-6918-4a98-9368-328bcdb17866;Normal end
22/07/2024 09:51;22/07/2024 11:04;coursives_F1;Coursive_F1_Fusion;Atalian_ADP;GS142-0230-J4P-P000;user;91.90;601.15;0 h 59 min 1 sec;0.9836;552.43;561.61;0;99;71;100.00;100.00;100.00;;;22/07/2024 17:04;normal;48.72;00:50:05;aspiration;00:00:00;https://api-gateway.gs-robot.com/legacy/public/robot-task/app/report/v3a/png/1/en/efd45b97-def0-4220-937a-b918244ab85f;Normal end
22/07/2024 23:11;23/07/2024 03:14;Porte_K_CorrespondanceF2;K1_K2_Cage_CorrespondanceF2;Atalian_ADP;GS142-0230-J4P-P000;user;95.49;1,631.52;3 h 40 min 15 sec;3.6708;1,557.94;424.39;0;99;74;100.00;100.00;100.00;;;23/07/2024 09:14;normal;73.58;02:15:57;aspiration;00:00:00;https://api-gateway.gs-robot.com/legacy/public/robot-task/app/report/v3a/png/1/en/66cac995-1284-4683-b10e-19638bb95d60;Normal end
23/07/2024 09:38;23/07/2024 10:49;coursives_F1;Coursive_F1_Fusion;Atalian_ADP;GS142-0230-J4P-P000;user;93.25;601.63;0 h 57 min 8 sec;0.9522;560.99;589.06;0;99;73;100.00;100.00;100.00;;;23/07/2024 16:48;normal;40.63;00:50:08;aspiration;00:00:00;https://api-gateway.gs-robot.com/legacy/public/robot-task/app/report/v3a/png/1/en/08606f4e-c2c8-47aa-8841-e4099d5e2b0e;Normal end
23/07/2024 15:22;24/07/2024 08:27;coursives_F1;Correspondance_F1_K1;Atalian_ADP;GS142-0230-J4P-P000;user;80.03;993.39;1 h 59 min 55 sec;1.9986;794.98;397.73;0;99;99;100.00;100.00;100.00;;;24/07/2024 14:27;normal;198.42;01:22:46;aspiration;00:00:00;https://api-gateway.gs-robot.com/legacy/public/robot-task/app/report/v3a/png/1/en/1cf75b58-b7e2-4ed5-bb27-de416fabc030;Manual termination
24/07/2024 08:40;24/07/2024 10:01;coursives_F1;Coursive_F1_Fusion;Atalian_ADP;GS142-0230-J4P-P000;user;91.33;601.77;1 h 1 min 44 sec;1.0289;549.60;534.17;0;99;68;100.00;100.00;100.00;;;24/07/2024 16:01;normal;52.17;00:50:08;aspiration;00:00:00;https://api-gateway.gs-robot.com/legacy/public/robot-task/app/report/v3a/png/1/en/b930ee54-67c6-47bb-a096-1afd648ca4a0;Normal end
24/07/2024 10:15;24/07/2024 11:30;coursives_F1;Correspondance_F1_K1;Atalian_ADP;GS142-0230-J4P-P000;user;54.29;990.01;1 h 3 min 20 sec;1.0556;537.43;509.08;0;67;36;100.00;100.00;100.00;;;24/07/2024 17:30;normal;452.58;01:22:30;aspiration;00:00:00;https://api-gateway.gs-robot.com/legacy/public/robot-task/app/report/v3a/png/1/en/ccefdacd-cc3b-45bf-8bb5-ba94a6cd0626;Manual termination
24/07/2024 11:34;24/07/2024 15:26;coursives_F2;Coursives_F2_Fusion;Atalian_ADP;GS142-0230-J4P-P000;user;70.29;596.72;0 h 49 min 4 sec;0.8178;419.44;512.89;0;35;50;100.00;100.00;100.00;;;24/07/2024 21:26;normal;177.28;00:49:43;aspiration;00:00:00;https://api-gateway.gs-robot.com/legacy/public/robot-task/app/report/v3a/png/1/en/413a199c-efc0-489d-b77c-fde2f7eefeec;Manual termination
24/07/2024 15:28;25/07/2024 08:28;coursives_F1;Correspondance_F1_K1;Atalian_ADP;GS142-0230-J4P-P000;user;54.96;987.43;1 h 15 min 18 sec;1.2550;542.65;432.37;0;50;99;100.00;100.00;100.00;;;25/07/2024 14:28;normal;444.78;01:22:17;aspiration;00:00:00;https://api-gateway.gs-robot.com/legacy/public/robot-task/app/report/v3a/png/1/en/43b2a475-da88-463c-b192-6c5c463df750;Manual termination
25/07/2024 08:33;25/07/2024 11:41;coursives_F1;Correspondance_F1_K1;Atalian_ADP;GS142-0230-J4P-P000;user;93.98;993.62;2 h 26 min 33 sec;2.4425;933.85;382.31;0;99;19;100.00;100.00;100.00;;;25/07/2024 17:41;normal;59.77;01:22:48;aspiration;00:00:00;https://api-gateway.gs-robot.com/legacy/public/robot-task/app/report/v3a/png/1/en/8dcfbc52-64e3-4197-b425-19a9c8997a6f;Normal end
25/07/2024 15:36;25/07/2024 16:53;coursives_F2;Coursives_F2_Fusion;Atalian_ADP;GS142-0230-J4P-P000;user;92.07;598.48;0 h 58 min 25 sec;0.9736;550.99;565.80;0;82;53;100.00;100.00;100.00;;;25/07/2024 22:53;normal;47.48;00:49:52;aspiration;00:00:00;https://api-gateway.gs-robot.com/legacy/public/robot-task/app/report/v3a/png/1/en/acbc9e81-3ec4-4e53-8446-77329c3aa8d6;Normal end
26/07/2024 00:22;27/07/2024 08:11;Porte_K_CorrespondanceF2;K1_K2_Cage_CorrespondanceF2;Atalian_ADP;GS142-0230-J4P-P000;user;80.69;1,623.59;3 h 6 min 57 sec;3.1158;1,310.12;420.47;0;99;99;100.00;100.00;100.00;;;27/07/2024 14:11;normal;313.47;02:15:17;aspiration;00:00:00;https://api-gateway.gs-robot.com/legacy/public/robot-task/app/report/v3a/png/1/en/5e7fb131-8306-40de-8286-ca281352d968;Manual termination
27/07/2024 08:18;27/07/2024 09:29;coursives_F1;Coursive_F1_Fusion;Atalian_ADP;GS142-0230-J4P-P000;user;93.28;601.69;0 h 55 min 50 sec;0.9306;561.25;603.02;0;99;72;100.00;100.00;100.00;;;27/07/2024 15:29;normal;40.44;00:50:08;aspiration;00:00:00;https://api-gateway.gs-robot.com/legacy/public/robot-task/app/report/v3a/png/1/en/12d59524-6f95-4b10-aa5b-fbdca8943e2a;Normal end
27/07/2024 10:30;27/07/2024 11:47;coursives_F2;Coursives_F2_Fusion;Atalian_ADP;GS142-0230-J4P-P000;user;91.26;598.49;1 h 0 min 5 sec;1.0014;546.16;545.35;0;68;39;100.00;100.00;100.00;;;27/07/2024 17:47;normal;52.33;00:49:52;aspiration;00:00:00;https://api-gateway.gs-robot.com/legacy/public/robot-task/app/report/v3a/png/1/en/f1f29845-6f48-450d-b2d9-6f0c81bf53d4;Normal end
27/07/2024 15:47;27/07/2024 17:16;coursives_F2;Coursives_F2_Fusion;Atalian_ADP;GS142-0230-J4P-P000;user;91.75;598.88;1 h 4 min 7 sec;1.0686;549.48;514.08;0;99;68;100.00;100.00;100.00;;;27/07/2024 23:16;normal;49.41;00:49:54;aspiration;00:00:00;https://api-gateway.gs-robot.com/legacy/public/robot-task/app/report/v3a/png/1/en/a8f65c0e-4587-407e-a408-756a890052a1;Normal end
28/07/2024 08:55;28/07/2024 12:33;coursives_F1;Correspondance_F1_K1;Atalian_ADP;GS142-0230-J4P-P000;user;93.05;996.28;2 h 32 min 13 sec;2.5369;927.03;365.38;0;99;16;100.00;100.00;100.00;;;28/07/2024 18:33;normal;69.26;01:23:01;aspiration;00:00:00;https://api-gateway.gs-robot.com/legacy/public/robot-task/app/report/v3a/png/1/en/fe923899-8b64-4b5a-b8a4-036b4c8c8db4;Normal end
28/07/2024 16:10;29/07/2024 07:57;coursives_F2;Correspondance_F2_K2;Atalian_ADP;GS142-0230-J4P-P000;user;36.00;1,107.34;0 h 49 min 51 sec;0.8308;398.66;479.72;0;99;99;100.00;100.00;100.00;;;29/07/2024 13:57;normal;708.68;01:32:16;aspiration;00:00:00;https://api-gateway.gs-robot.com/legacy/public/robot-task/app/report/v3a/png/1/en/08720e9f-284f-43e5-a3de-b22658d46cc9;Manual termination
29/07/2024 07:59;29/07/2024 09:20;coursives_F1;Coursive_F1_Fusion;Atalian_ADP;GS142-0230-J4P-P000;user;93.24;601.69;1 h 1 min 24 sec;1.0233;560.98;548.06;0;99;69;100.00;100.00;100.00;;;29/07/2024 15:19;normal;40.70;00:50:08;aspiration;00:00:00;https://api-gateway.gs-robot.com/legacy/public/robot-task/app/report/v3a/png/1/en/8f4c9852-5a84-49f5-99b8-a45624f2216d;Normal end
29/07/2024 10:05;30/07/2024 08:27;coursives_F2;Coursives_F2_Fusion;Atalian_ADP;GS142-0230-J4P-P000;user;47.86;595.31;0 h 31 min 31 sec;0.5253;284.93;542.30;0;66;99;100.00;100.00;100.00;;;30/07/2024 14:27;normal;310.38;00:49:36;aspiration;00:00:00;https://api-gateway.gs-robot.com/legacy/public/robot-task/app/report/v3a/png/1/en/1c99afb2-65f9-4021-b0c5-4c6b29ab4aa5;Manual termination
30/07/2024 08:28;30/07/2024 09:51;coursives_F1;Coursive_F1_Fusion;Atalian_ADP;GS142-0230-J4P-P000;user;92.83;601.98;1 h 1 min 3 sec;1.0175;558.82;549.10;0;99;68;100.00;100.00;100.00;;;30/07/2024 15:50;normal;43.16;00:50:09;aspiration;00:00:00;https://api-gateway.gs-robot.com/legacy/public/robot-task/app/report/v3a/png/1/en/3e8a92b9-7373-4ff7-a510-15d509016cac;Normal end
30/07/2024 12:28;30/07/2024 14:02;coursives_F2;Coursives_F2_Fusion;Atalian_ADP;GS142-0230-J4P-P000;user;64.55;596.04;0 h 50 min 41 sec;0.8447;384.73;455.33;0;59;29;100.00;100.00;100.00;;;30/07/2024 20:02;normal;211.32;00:49:40;aspiration;00:00:00;https://api-gateway.gs-robot.com/legacy/public/robot-task/app/report/v3a/png/1/en/ab624ef2-7a86-403b-9820-d9a75f1b69c3;Manual termination
30/07/2024 23:05;31/07/2024 09:23;Porte_K_CorrespondanceF2;K1_K2_Cage_CorrespondanceF2;Atalian_ADP;GS142-0230-J4P-P000;user;90.80;1,624.95;3 h 17 min 36 sec;3.2933;1,475.46;447.99;0;99;99;100.00;100.00;100.00;;;31/07/2024 15:23;normal;149.50;02:15:24;aspiration;00:00:00;https://api-gateway.gs-robot.com/legacy/public/robot-task/app/report/v3a/png/1/en/14f7b3c8-e566-47d7-bfec-972a19bc35b2;Manual termination
31/07/2024 09:23;31/07/2024 10:41;coursives_F1;Coursive_F1_Fusion;Atalian_ADP;GS142-0230-J4P-P000;user;92.84;601.09;1 h 0 min 2 sec;1.0006;558.03;557.58;0;99;70;100.00;100.00;100.00;;;31/07/2024 16:41;normal;43.06;00:50:05;aspiration;00:00:00;https://api-gateway.gs-robot.com/legacy/public/robot-task/app/report/v3a/png/1/en/228d6c81-afc4-4007-865d-ef2a6ff3e9f3;Normal end
31/07/2024 13:55;31/07/2024 23:40;coursives_F1;Correspondance_F1_K1;Atalian_ADP;GS142-0230-J4P-P000;user;66.89;986.81;1 h 29 min 12 sec;1.4867;660.06;443.95;0;57;99;100.00;100.00;100.00;;;01/08/2024 05:40;normal;326.76;01:22:14;aspiration;00:00:00;https://api-gateway.gs-robot.com/legacy/public/robot-task/app/report/v3a/png/1/en/30c815cb-4e4a-4938-b508-5077dbd1fd50;Manual termination
31/07/2024 23:43;01/08/2024 08:26;coursives_F2;Correspondance_F2_K2;Atalian_ADP;GS142-0230-J4P-P000;user;72.34;1,108.01;1 h 35 min 33 sec;1.5925;801.52;503.30;0;99;99;100.00;100.00;100.00;;;01/08/2024 14:25;normal;306.49;01:32:20;aspiration;00:00:00;https://api-gateway.gs-robot.com/legacy/public/robot-task/app/report/v3a/png/1/en/9dab1463-93c0-4944-917e-ed617444ed79;Manual termination
01/08/2024 08:36;01/08/2024 11:53;coursives_F1;Correspondance_F1_K1;Atalian_ADP;GS142-0230-J4P-P000;user;93.24;994.39;2 h 26 min 58 sec;2.4494;927.15;378.50;0;99;18;100.00;100.00;100.00;;;01/08/2024 17:53;normal;67.25;01:22:51;aspiration;00:00:00;https://api-gateway.gs-robot.com/legacy/public/robot-task/app/report/v3a/png/1/en/e92cd143-78b6-4745-ac4e-8225b5377d1b;Normal end
01/08/2024 16:34;01/08/2024 17:56;coursives_F2;Coursives_F2_Fusion;Atalian_ADP;GS142-0230-J4P-P000;user;91.50;598.24;1 h 1 min 25 sec;1.0236;547.41;534.66;0;99;69;100.00;100.00;100.00;;;01/08/2024 23:56;normal;50.84;00:49:51;aspiration;00:00:00;https://api-gateway.gs-robot.com/legacy/public/robot-task/app/report/v3a/png/1/en/b8c36ac6-6a38-4c3a-8fd4-0aa735b6a0d1;Normal end
01/08/2024 18:43;02/08/2024 09:02;coursives_F2;Coursives_F2_Fusion;Atalian_ADP;GS142-0230-J4P-P000;user;8.10;594.13;0 h 3 min 59 sec;0.0664;48.15;724.84;0;66;99;100.00;100.00;100.00;;;02/08/2024 15:02;normal;545.98;00:49:30;aspiration;00:00:00;https://api-gateway.gs-robot.com/legacy/public/robot-task/app/report/v3a/png/1/en/b4a05c82-6631-4d27-acfa-cf8f0d8e361f;Manual termination
02/08/2024 09:04;02/08/2024 16:50;coursives_F1;Correspondance_F1_K1;Atalian_ADP;GS142-0230-J4P-P000;user;92.16;995.15;2 h 34 min 8 sec;2.5689;917.10;356.99;0;99;99;100.00;100.00;100.00;;;02/08/2024 22:50;normal;78.05;01:22:55;aspiration;00:00:00;https://api-gateway.gs-robot.com/legacy/public/robot-task/app/report/v3a/png/1/en/3a09d1df-176a-4682-a943-167cf83fcbb9;Manual termination
02/08/2024 16:52;02/08/2024 18:11;coursives_F2;Coursives_F2_Fusion;Atalian_ADP;GS142-0230-J4P-P000;user;92.03;598.45;0 h 58 min 54 sec;0.9817;550.75;560.95;0;99;78;100.00;100.00;100.00;;;03/08/2024 00:11;normal;47.70;00:49:52;aspiration;00:00:00;https://api-gateway.gs-robot.com/legacy/public/robot-task/app/report/v3a/png/1/en/13a62a53-518a-4845-9563-bebbcd436215;Normal end
03/08/2024 08:43;03/08/2024 09:57;coursives_F1;Coursive_F1_Fusion;Atalian_ADP;GS142-0230-J4P-P000;user;92.70;601.58;0 h 58 min 49 sec;0.9803;557.68;568.83;0;99;70;100.00;100.00;100.00;;;03/08/2024 15:57;normal;43.90;00:50:07;aspiration;00:00:00;https://api-gateway.gs-robot.com/legacy/public/robot-task/app/report/v3a/png/1/en/03dd916c-5622-48c4-809d-134d9fa08de5;Normal end
03/08/2024 11:39;03/08/2024 13:04;coursives_F2;Coursives_F2_Fusion;Atalian_ADP;GS142-0230-J4P-P000;user;90.64;597.86;1 h 1 min 59 sec;1.0331;541.89;524.52;0;64;31;100.00;100.00;100.00;;;03/08/2024 19:04;normal;55.97;00:49:49;aspiration;00:00:00;https://api-gateway.gs-robot.com/legacy/public/robot-task/app/report/v3a/png/1/en/52a21a21-46bb-451b-8b89-17a4398453e5;Normal end
05/08/2024 08:35;05/08/2024 09:57;coursives_F1;Coursive_F1_Fusion;Atalian_ADP;GS142-0230-J4P-P000;user;93.14;601.72;1 h 1 min 54 sec;1.0317;560.46;543.12;0;99;66;100.00;100.00;100.00;;;05/08/2024 16:01;normal;41.26;00:50:08;aspiration;00:00:00;https://api-gateway.gs-robot.com/legacy/public/robot-task/app/report/v3a/png/1/en/8d5efbc6-1c31-4400-96bf-b56dfd552aa0;Normal end
05/08/2024 10:33;05/08/2024 13:32;coursives_F2;Coursives_F2_Fusion;Atalian_ADP;GS142-0230-J4P-P000;user;70.32;596.39;1 h 10 min 31 sec;1.1753;419.36;356.79;0;64;21;100.00;100.00;100.00;;;05/08/2024 19:32;normal;177.03;00:49:41;aspiration;00:00:00;https://api-gateway.gs-robot.com/legacy/public/robot-task/app/report/v3a/png/1/en/7d56e8f2-d138-468a-9724-6a6c70d49ac7;Manual termination
05/08/2024 22:43;06/08/2024 08:44;Porte_K_CorrespondanceF2;K1_K2_Cage_CorrespondanceF2;Atalian_ADP;GS142-0230-J4P-P000;user;87.76;1,624.78;3 h 8 min 41 sec;3.1447;1,425.90;453.39;0;99;99;100.00;100.00;100.00;;;06/08/2024 14:44;normal;198.88;02:15:23;aspiration;00:00:00;https://api-gateway.gs-robot.com/legacy/public/robot-task/app/report/v3a/png/1/en/a6ba57ea-3477-4ba6-b674-2e8b07f37834;Manual termination
06/08/2024 08:46;06/08/2024 10:02;coursives_F1;Coursive_F1_Fusion;Atalian_ADP;GS142-0230-J4P-P000;user;93.75;601.47;0 h 59 min 37 sec;0.9936;563.90;567.38;0;99;69;100.00;100.00;100.00;;;06/08/2024 16:02;normal;37.57;00:50:07;aspiration;00:00:00;https://api-gateway.gs-robot.com/legacy/public/robot-task/app/report/v3a/png/1/en/8a3f3871-47e7-4ba1-b3bf-0c7f5f08486a;Normal end
06/08/2024 10:32;06/08/2024 11:53;coursives_F2;Coursives_F2_Fusion;Atalian_ADP;GS142-0230-J4P-P000;user;90.85;598.48;1 h 2 min 32 sec;1.0422;543.72;521.58;0;67;35;100.00;100.00;100.00;;;06/08/2024 17:53;normal;54.76;00:49:52;aspiration;00:00:00;https://api-gateway.gs-robot.com/legacy/public/robot-task/app/report/v3a/png/1/en/1c9c5cc8-716b-4143-a2ea-ff282a858d35;Normal end
06/08/2024 23:17;07/08/2024 08:05;Porte_K_CorrespondanceF2;K1_K2_Cage_CorrespondanceF2;Atalian_ADP;GS142-0230-J4P-P000;user;87.72;1,625.19;3 h 6 min 17 sec;3.1047;1,425.64;459.18;0;99;99;100.00;100.00;100.00;;;07/08/2024 14:05;normal;199.55;02:15:25;aspiration;00:00:00;https://api-gateway.gs-robot.com/legacy/public/robot-task/app/report/v3a/png/1/en/9c445d5b-75d0-4424-8efe-e29c664e924d;Manual termination
07/08/2024 08:14;07/08/2024 09:39;coursives_F1;Coursive_F1_Fusion;Atalian_ADP;GS142-0230-J4P-P000;user;93.42;601.69;1 h 1 min 25 sec;1.0236;562.10;549.04;0;99;66;100.00;100.00;100.00;;;07/08/2024 15:39;normal;39.59;00:50:08;aspiration;00:00:00;https://api-gateway.gs-robot.com/legacy/public/robot-task/app/report/v3a/png/1/en/9e55b12e-e64d-44bc-8f71-a49fdc98e065;Normal end
07/08/2024 11:49;07/08/2024 13:17;coursives_F2;Coursives_F2_Fusion;Atalian_ADP;GS142-0230-J4P-P000;user;90.93;598.63;1 h 3 min 1 sec;1.0503;544.35;518.19;0;58;25;100.00;100.00;100.00;;;07/08/2024 19:16;normal;54.28;00:49:53;aspiration;00:00:00;https://api-gateway.gs-robot.com/legacy/public/robot-task/app/report/v3a/png/1/en/5fa7c05b-5b0d-430b-9ad0-e03dea4c9175;Normal end
07/08/2024 15:33;07/08/2024 16:53;coursives_F2;Coursives_F2_Fusion;Atalian_ADP;GS142-0230-J4P-P000;user;91.90;598.20;1 h 0 min 27 sec;1.0075;549.72;545.61;0;96;66;100.00;100.00;100.00;;;07/08/2024 22:53;normal;48.48;00:49:50;aspiration;00:00:00;https://api-gateway.gs-robot.com/legacy/public/robot-task/app/report/v3a/png/1/en/1b37f0c7-4702-4ed1-afa6-50ba4baf190b;Normal end
07/08/2024 23:40;08/08/2024 09:14;Porte_K_CorrespondanceF2;K1_K2_Cage_CorrespondanceF2;Atalian_ADP;GS142-0230-J4P-P000;user;88.67;1,625.63;3 h 9 min 47 sec;3.1631;1,441.43;455.71;0;99;99;100.00;100.00;100.00;;;08/08/2024 15:14;normal;184.20;02:15:28;aspiration;00:00:00;https://api-gateway.gs-robot.com/legacy/public/robot-task/app/report/v3a/png/1/en/4998116d-51d7-4fbf-a83c-956292e37069;Manual termination
08/08/2024 09:17;08/08/2024 12:26;coursives_F1;Correspondance_F1_K1;Atalian_ADP;GS142-0230-J4P-P000;user;93.82;994.81;2 h 23 min 52 sec;2.3978;933.31;389.20;0;99;21;100.00;100.00;100.00;;;08/08/2024 18:26;normal;61.49;01:22:54;aspiration;00:00:00;https://api-gateway.gs-robot.com/legacy/public/robot-task/app/report/v3a/png/1/en/67955b91-db3e-4301-acab-94c380f502bb;Normal end
08/08/2024 23:53;09/08/2024 02:27;coursives_F2;Correspondance_F2_K2;Atalian_ADP;GS142-0230-J4P-P000;user;93.02;1,109.78;2 h 18 min 12 sec;2.3033;1,032.27;448.15;0;99;34;100.00;100.00;100.00;;;09/08/2024 08:26;normal;77.51;01:32:28;aspiration;00:00:00;https://api-gateway.gs-robot.com/legacy/public/robot-task/app/report/v3a/png/1/en/6ecf7de1-be6d-43ff-a7a9-d8c7d0db28b7;Normal end
09/08/2024 09:19;09/08/2024 12:44;coursives_F1;Correspondance_F1_K1;Atalian_ADP;GS142-0230-J4P-P000;user;93.17;993.59;2 h 35 min 23 sec;2.5897;925.69;357.42;0;99;15;100.00;100.00;100.00;;;09/08/2024 18:43;normal;67.90;01:22:47;aspiration;00:00:00;https://api-gateway.gs-robot.com/legacy/public/robot-task/app/report/v3a/png/1/en/5fe0649d-bf4d-4c5a-8701-fd2d419e7251;Normal end
14/08/2024 12:45;14/08/2024 12:49;localmonobrosse;execute_task_local.mono;Atalian_ADP;GS142-0230-J4P-P000;admin;90.20;15.29;0 h 3 min 12 sec;0.0533;13.80;257.77;0;86;85;100.00;100.00;100.00;;;14/08/2024 18:49;normal;1.49;00:01:16;aspiration;00:00:00;https://api-gateway.gs-robot.com/legacy/public/robot-task/app/report/v3a/png/1/en/04761bf0-e3f8-4c9d-b398-852285ef6d9b;Normal end
14/08/2024 13:28;14/08/2024 14:38;coursives_F1;Correspondance_F1_K1;Atalian_Roissy;GS142-0230-J4P-P000;admin;48.80;989.67;0 h 56 min 21 sec;0.9392;483.20;514.38;0;82;54;100.00;100.00;100.00;;;14/08/2024 20:38;normal;506.47;01:22:28;aspiration;00:00:00;https://api-gateway.gs-robot.com/legacy/public/robot-task/app/report/v3a/png/1/en/addba93b-4877-4456-a510-3d1b062d9a92;Manual termination
16/08/2024 08:48;16/08/2024 08:50;localmonobrosse;execute_task_local.mono;Atalian_Roissy;GS142-0230-J4P-P000;admin;9.40;11.71;0 h 0 min 12 sec;0.0033;1.10;322.75;0;96;95;100.00;100.00;100.00;;;16/08/2024 14:53;normal;10.61;00:00:58;aspiration;00:00:00;https://api-gateway.gs-robot.com/legacy/public/robot-task/app/report/v3a/png/1/en/4a69ce16-ced6-4928-865a-b524fb9045f1;Manual termination
16/08/2024 08:52;22/08/2024 11:12;localmonobrosse;execute_task_local.mono;Atalian_Roissy;GS142-0230-J4P-P000;admin;73.80;15.10;0 h 2 min 47 sec;0.0464;11.14;239.87;0;95;91;100.00;100.00;100.00;;;22/08/2024 17:12;normal;3.96;00:01:15;aspiration;00:00:00;https://api-gateway.gs-robot.com/legacy/public/robot-task/app/report/v3a/png/1/en/f700a494-2052-45de-9fd5-dc852fe082fd;Normal end
22/08/2024 16:06;22/08/2024 16:12;Porte_K_CorrespondanceF2_BS;Correspondance_F2;Atalian_Roissy;GS142-0230-J4P-P000;admin;1.10;1,298.08;0 h 2 min 4 sec;0.0344;13.94;403.71;0;75;74;100.00;100.00;100.00;;;22/08/2024 22:12;normal;1,284.14;01:48:10;aspiration;00:00:00;https://api-gateway.gs-robot.com/legacy/public/robot-task/app/report/v3a/png/1/en/947a0c7b-d024-4a31-90bf-d3e4878eb4fc;Manual termination
22/08/2024 16:16;22/08/2024 16:19;Porte_K;PorteK1;Atalian_Roissy;GS142-0230-J4P-P000;admin;5.00;73.71;0 h 0 min 30 sec;0.0083;3.69;436.07;0;73;72;100.00;100.00;100.00;;;22/08/2024 22:19;normal;70.02;00:06:08;aspiration;00:00:00;https://api-gateway.gs-robot.com/legacy/public/robot-task/app/report/v3a/png/1/en/c00038ce-9c27-4b3a-82da-a83a6af5994a;Manual termination
22/08/2024 16:24;22/08/2024 16:26;Porte_K;PorteK1;Atalian_Roissy;GS142-0230-J4P-P000;admin;0.70;73.39;0 h 0 min 6 sec;0.0017;0.50;287.96;0;72;72;100.00;100.00;100.00;;;22/08/2024 22:26;normal;72.89;00:06:06;aspiration;00:00:00;https://api-gateway.gs-robot.com/legacy/public/robot-task/app/report/v3a/png/1/en/8412d1b1-f561-497d-b649-81a32e340133;Manual termination
22/08/2024 16:45;23/08/2024 11:30;Porte_K;Porte_K2_Cage;Atalian_Roissy;GS142-0230-J4P-P000;admin;0.10;670.89;0 h 0 min 2 sec;0.0006;0.45;673.04;0;70;68;100.00;100.00;100.00;;;23/08/2024 17:30;normal;670.44;00:55:54;aspiration;00:00:00;https://api-gateway.gs-robot.com/legacy/public/robot-task/app/report/v3a/png/1/en/2062127f-5643-4eed-8710-4703e0490038;Manual termination
23/08/2024 11:50;23/08/2024 12:18;localmonobrosse;execute_task_local.mono;Atalian_Roissy;GS142-0230-J4P-P000;admin;37.20;9.80;0 h 0 min 59 sec;0.0164;3.65;221.94;0;67;64;100.00;100.00;100.00;;;23/08/2024 18:18;test;6.16;00:00:49;aspiration;00:00:00;https://api-gateway.gs-robot.com/legacy/public/robot-task/app/report/v3a/png/1/en/0a69a18e-1171-4f7f-a727-bdd8dc9cecb0;Manual termination
27/08/2024 07:45;27/08/2024 11:42;Porte_K_CorrespondanceF2_BS;Correspondance_F2;Atalian_Roissy;GS142-0230-J4P-P000;admin;88.10;1,388.51;3 h 3 min 12 sec;3.0533;1,222.88;400.49;0;99;8;100.00;100.00;100.00;;;27/08/2024 17:42;normal;165.63;01:55:42;aspiration;00:00:00;https://api-gateway.gs-robot.com/legacy/public/robot-task/app/report/v3a/png/1/en/5ad18a1e-c257-4309-8d04-1b2d3a03a702;Manual termination
27/08/2024 23:53;28/08/2024 02:46;Porte_K_CorrespondanceF2_BS;Correspondance_F2;Atalian_Roissy;GS142-0230-J4P-P000;admin;90.30;1,330.81;2 h 39 min 53 sec;2.6647;1,201.56;450.89;0;99;23;100.00;100.00;100.00;;;28/08/2024 08:46;normal;129.25;01:50:54;aspiration;00:00:00;https://api-gateway.gs-robot.com/legacy/public/robot-task/app/report/v3a/png/1/en/4a4e407b-9806-4d04-b4cf-4efb6023d592;Normal end
28/08/2024 07:41;28/08/2024 09:05;coursives_F2;Coursives_F2_Fusion;Atalian_Roissy;GS142-0230-J4P-P000;admin;91.30;598.26;1 h 2 min 26 sec;1.0406;546.00;524.65;0;99;68;100.00;100.00;100.00;;;28/08/2024 15:06;normal;52.26;00:49:51;aspiration;00:00:00;https://api-gateway.gs-robot.com/legacy/public/robot-task/app/report/v3a/png/1/en/fc89813f-b47d-4c34-8375-5e9b86f758e4;Normal end
28/08/2024 23:28;30/08/2024 00:27;Porte_K_CorrespondanceF2;K1_K2_Cage_CorrespondanceF2;Atalian_Roissy;GS142-0230-J4P-P000;admin;3.50;1,588.34;2 h 19 min 26 sec;2.3239;55.90;24.05;0;99;99;100.00;100.00;100.00;;;30/08/2024 06:27;normal;1,532.44;02:12:21;aspiration;00:00:00;https://api-gateway.gs-robot.com/legacy/public/robot-task/app/report/v3a/png/1/en/960c8f7c-f574-4b54-97c2-ba7b146a0494;Manual termination
31/08/2024 00:10;31/08/2024 03:10;Porte_K_CorrespondanceF2_BS;Correspondance_F2;Atalian_Roissy;GS142-0230-J4P-P000;admin;93.80;1,376.09;2 h 46 min 53 sec;2.7814;1,290.60;464.00;0;99;20;100.00;100.00;100.00;;;31/08/2024 09:10;normal;85.49;01:54:40;aspiration;00:00:00;https://api-gateway.gs-robot.com/legacy/public/robot-task/app/report/v3a/png/1/en/ea1fb1b8-3fdb-4b6e-b1f9-2dbdab9cc37b;Normal end
04/09/2024 23:50;05/09/2024 02:57;Porte_K_CorrespondanceF2_BS;Correspondance_F2;Atalian_Roissy;GS142-0230-J4P-P000;admin;93.80;1,384.04;2 h 51 min 19 sec;2.8553;1,297.59;454.45;0;99;16;100.00;100.00;100.00;;;05/09/2024 08:57;normal;86.45;01:55:20;aspiration;00:00:00;https://api-gateway.gs-robot.com/legacy/public/robot-task/app/report/v3a/png/1/en/c2ceee85-25d8-4fbd-9535-e0887d87bca6;Normal end
05/09/2024 08:28;05/09/2024 09:25;coursives_F1;Coursive_F1_Fusion;Atalian_Roissy;GS142-0230-J4P-P000;admin;58.10;598.84;0 h 40 min 44 sec;0.6789;347.98;512.40;0;99;77;100.00;100.00;100.00;;;05/09/2024 15:25;normal;250.85;00:49:54;aspiration;00:00:00;https://api-gateway.gs-robot.com/legacy/public/robot-task/app/report/v3a/png/1/en/0f985653-e248-4e98-aee9-0b24171d9a83;Normal end
05/09/2024 10:51;05/09/2024 12:12;coursives_F2;Coursives_F2_Fusion;Atalian_Roissy;GS142-0230-J4P-P000;admin;90.70;598.49;1 h 1 min 38 sec;1.0272;542.53;528.04;0;71;39;100.00;100.00;100.00;;;05/09/2024 18:12;normal;55.95;00:49:52;aspiration;00:00:00;https://api-gateway.gs-robot.com/legacy/public/robot-task/app/report/v3a/png/1/en/41615046-32e3-4174-88ac-737d5d08b278;Normal end
05/09/2024 22:47;06/09/2024 01:40;Porte_K_CorrespondanceF2;K1_K2_Cage_CorrespondanceF2;Atalian_Roissy;GS142-0230-J4P-P000;admin;3.50;1,588.13;0 h 24 min 4 sec;0.4011;56.21;140.06;0;99;76;100.00;100.00;100.00;;;06/09/2024 07:40;normal;1,531.92;02:12:20;aspiration;00:00:00;https://api-gateway.gs-robot.com/legacy/public/robot-task/app/report/v3a/png/1/en/7dafb890-e612-489f-85c3-ae3a76a5e8a7;Manual termination
06/09/2024 01:41;06/09/2024 01:41;Porte_K_CorrespondanceF2;K1_K2_Cage_CorrespondanceF2;Atalian_Roissy;GS142-0230-J4P-P000;admin;0.00;1,583.74;0 h 0 min 0 sec;0.0000;0.00;0.00;0;76;76;100.00;100.00;100.00;;;06/09/2024 07:41;normal;1,583.74;02:11:58;aspiration;00:00:00;https://api-gateway.gs-robot.com/legacy/public/robot-task/app/report/v3a/png/1/en/dde617ac-936c-4cb9-a55d-bfd43d09f90f;Manual termination
07/09/2024 00:13;09/09/2024 22:38;Porte_K_CorrespondanceF2;K1_K2_Cage_CorrespondanceF2;Atalian_Roissy;GS142-0230-J4P-P000;admin;64.60;1,629.28;3 h 4 min 29 sec;3.0747;1,052.97;342.43;0;99;99;100.00;100.00;100.00;;;10/09/2024 04:38;normal;576.31;02:15:46;aspiration;00:00:00;https://api-gateway.gs-robot.com/legacy/public/robot-task/app/report/v3a/png/1/en/17da0694-2681-4388-987c-340933319853;Manual termination
09/09/2024 22:41;10/09/2024 01:43;Porte_K_CorrespondanceF2_BS;Correspondance_F2;Atalian_Roissy;GS142-0230-J4P-P000;admin;93.90;1,376.71;2 h 47 min 54 sec;2.7983;1,293.31;462.15;0;98;15;100.00;100.00;100.00;;;10/09/2024 07:43;normal;83.40;01:54:43;aspiration;00:00:00;https://api-gateway.gs-robot.com/legacy/public/robot-task/app/report/v3a/png/1/en/7021a1ea-5ed4-483b-99de-e47b70873111;Normal end
10/09/2024 08:31;10/09/2024 09:57;coursives_F1;Coursive_F1_Fusion;Atalian_Roissy;GS142-0230-J4P-P000;admin;92.40;601.38;1 h 7 min 42 sec;1.1283;555.82;492.49;0;97;62;100.00;100.00;100.00;;;10/09/2024 15:57;normal;45.57;00:50:06;aspiration;00:00:00;https://api-gateway.gs-robot.com/legacy/public/robot-task/app/report/v3a/png/1/en/204bca07-4c96-4b1e-b00f-5ed797af3934;Normal end
10/09/2024 10:48;10/09/2024 12:11;coursives_F2;Coursives_F2_Fusion;Atalian_Roissy;GS142-0230-J4P-P000;admin;92.10;599.00;1 h 3 min 23 sec;1.0564;551.62;522.06;0;58;25;100.00;100.00;100.00;;;10/09/2024 18:11;normal;47.38;00:49:54;aspiration;00:00:00;https://api-gateway.gs-robot.com/legacy/public/robot-task/app/report/v3a/png/1/en/7a539f13-6527-4181-8644-9284d6fda9af;Normal end
10/09/2024 23:14;11/09/2024 22:47;Porte_K_CorrespondanceF2;K1_K2_Cage_CorrespondanceF2;Atalian_Roissy;GS142-0230-J4P-P000;admin;84.50;1,623.83;3 h 2 min 2 sec;3.0339;1,371.50;452.02;0;99;99;100.00;100.00;100.00;;;12/09/2024 04:47;normal;252.34;02:15:19;aspiration;00:00:00;https://api-gateway.gs-robot.com/legacy/public/robot-task/app/report/v3a/png/1/en/6777082d-fe4d-4c51-b531-94f3a600ccf9;Manual termination
11/09/2024 22:49;12/09/2024 01:42;Porte_K_CorrespondanceF2_BS;Correspondance_F2;Atalian_Roissy;GS142-0230-J4P-P000;admin;93.60;1,376.33;2 h 41 min 0 sec;2.6833;1,288.58;480.18;0;99;20;100.00;100.00;100.00;;;12/09/2024 07:42;normal;87.75;01:54:41;aspiration;00:00:00;https://api-gateway.gs-robot.com/legacy/public/robot-task/app/report/v3a/png/1/en/11f39127-0f03-470c-8ec1-b8a4d747d508;Normal end
12/09/2024 23:36;13/09/2024 03:37;Porte_K_CorrespondanceF2;K1_K2_Cage_CorrespondanceF2;Atalian_Roissy;GS142-0230-J4P-P000;admin;81.60;1,630.24;3 h 0 min 16 sec;3.0044;1,329.55;442.51;0;99;7;100.00;100.00;100.00;;;13/09/2024 09:37;normal;300.69;02:15:51;aspiration;00:00:00;https://api-gateway.gs-robot.com/legacy/public/robot-task/app/report/v3a/png/1/en/c08d2b18-5b52-4f83-b7b4-d6ed56cc1bc6;Manual termination
13/09/2024 09:05;13/09/2024 11:35;coursives_F1;Correspondance_F1_K1;Atalian_Roissy;GS142-0230-J4P-P000;admin;92.50;993.21;2 h 14 min 2 sec;2.2339;918.80;411.26;0;99;31;100.00;100.00;100.00;;;13/09/2024 17:35;normal;74.40;01:22:46;aspiration;00:00:00;https://api-gateway.gs-robot.com/legacy/public/robot-task/app/report/v3a/png/1/en/d2042feb-d176-4075-8fc2-da5fd4b697c1;Normal end
13/09/2024 23:51;14/09/2024 02:54;Porte_K_CorrespondanceF2_BS;Correspondance_F2;Atalian_Roissy;GS142-0230-J4P-P000;admin;94.20;1,375.09;2 h 50 min 56 sec;2.8489;1,294.86;454.50;0;99;19;100.00;100.00;100.00;;;14/09/2024 08:54;normal;80.23;01:54:35;aspiration;00:00:00;https://api-gateway.gs-robot.com/legacy/public/robot-task/app/report/v3a/png/1/en/aac6fc86-5b28-48a1-90ec-a57c94de69ab;Normal end
14/09/2024 09:15;14/09/2024 10:32;coursives_F1;Coursive_F1_Fusion;Atalian_Roissy;GS142-0230-J4P-P000;admin;91.40;601.94;1 h 2 min 5 sec;1.0347;550.35;531.83;0;99;67;100.00;100.00;100.00;;;14/09/2024 16:32;normal;51.59;00:50:09;aspiration;00:00:00;https://api-gateway.gs-robot.com/legacy/public/robot-task/app/report/v3a/png/1/en/a817f511-7c59-4286-a618-47a80ecfc2cc;Normal end
15/09/2024 09:05;15/09/2024 10:15;coursives_F1;Coursive_F1_Fusion;Atalian_Roissy;GS142-0230-J4P-P000;admin;93.00;601.99;0 h 58 min 23 sec;0.9731;559.64;574.98;0;97;68;100.00;100.00;100.00;;;15/09/2024 16:16;normal;42.35;00:50:09;aspiration;00:00:00;https://api-gateway.gs-robot.com/legacy/public/robot-task/app/report/v3a/png/1/en/4bb5038a-2a98-4f61-a572-565551227ee6;Normal end
15/09/2024 10:18;15/09/2024 11:05;coursives_F1;Coursive_F1_Fusion;Atalian_Roissy;GS142-0230-J4P-P000;admin;65.70;600.48;0 h 35 min 29 sec;0.5914;394.57;666.89;0;68;50;100.00;100.00;100.00;;;15/09/2024 17:05;normal;205.91;00:50:02;aspiration;00:00:00;https://api-gateway.gs-robot.com/legacy/public/robot-task/app/report/v3a/png/1/en/935db8dd-d4be-431d-bc30-a5ecca3d31be;Manual termination
16/09/2024 23:27;17/09/2024 02:19;Porte_K_CorrespondanceF2_BS;Correspondance_F2;Atalian_Roissy;GS142-0230-J4P-P000;admin;93.90;1,377.86;2 h 41 min 6 sec;2.6850;1,293.98;481.93;0;99;22;100.00;100.00;100.00;;;17/09/2024 08:19;normal;83.88;01:54:49;aspiration;00:00:00;https://api-gateway.gs-robot.com/legacy/public/robot-task/app/report/v3a/png/1/en/af400ecc-cff1-40fc-b9f4-a8aa9b5851ab;Normal end
17/09/2024 07:59;17/09/2024 09:31;coursives_F1;Coursive_F1_Fusion;Atalian_Roissy;GS142-0230-J4P-P000;admin;91.40;602.70;1 h 9 min 2 sec;1.1506;550.58;478.52;0;99;62;100.00;100.00;100.00;;;17/09/2024 15:31;normal;52.12;00:50:13;aspiration;00:00:00;https://api-gateway.gs-robot.com/legacy/public/robot-task/app/report/v3a/png/1/en/573f433a-1371-4a66-abe0-62dd36a099bf;Normal end
17/09/2024 23:22;18/09/2024 23:30;Porte_K_CorrespondanceF2;K1_K2_Cage_CorrespondanceF2;Atalian_Roissy;GS142-0230-J4P-P000;admin;81.80;1,638.02;3 h 2 min 9 sec;3.0358;1,339.20;441.10;0;99;99;100.00;100.00;100.00;;;19/09/2024 05:30;normal;298.82;02:16:30;aspiration;00:00:00;https://api-gateway.gs-robot.com/legacy/public/robot-task/app/report/v3a/png/1/en/a242b897-64fb-48d4-a09c-bc0faf61a37c;Manual termination
18/09/2024 23:31;19/09/2024 02:22;Porte_K_CorrespondanceF2_BS;Correspondance_F2;Atalian_Roissy;GS142-0230-J4P-P000;admin;93.90;1,375.09;2 h 39 min 10 sec;2.6528;1,290.67;486.50;0;99;21;100.00;100.00;100.00;;;19/09/2024 08:21;normal;84.41;01:54:35;aspiration;00:00:00;https://api-gateway.gs-robot.com/legacy/public/robot-task/app/report/v3a/png/1/en/8473421b-189d-4dbb-8679-2b9ed8dc2a6e;Normal end
19/09/2024 23:00;20/09/2024 07:56;Porte_K_CorrespondanceF2;K1_K2_Cage_CorrespondanceF2;Atalian_Roissy;GS142-0230-J4P-P000;admin;79.90;1,626.71;2 h 58 min 20 sec;2.9722;1,299.18;437.08;0;99;99;100.00;100.00;100.00;;;20/09/2024 13:56;normal;327.52;02:15:33;aspiration;00:00:00;https://api-gateway.gs-robot.com/legacy/public/robot-task/app/report/v3a/png/1/en/55bdaddc-c03c-40d6-8826-761a3ea51d9f;Manual termination
20/09/2024 08:03;20/09/2024 10:31;coursives_F1;Correspondance_F1_K1;Atalian_Roissy;GS142-0230-J4P-P000;admin;91.90;994.48;2 h 15 min 29 sec;2.2581;914.02;404.76;0;99;31;100.00;100.00;100.00;;;20/09/2024 16:32;normal;80.46;01:22:52;aspiration;00:00:00;https://api-gateway.gs-robot.com/legacy/public/robot-task/app/report/v3a/png/1/en/36dbed9b-b192-42f5-9a13-03c4091ed74e;Normal end
21/09/2024 00:09;21/09/2024 03:13;Porte_K_CorrespondanceF2_BS;Correspondance_F2;Atalian_Roissy;GS142-0230-J4P-P000;admin;94.00;1,376.47;2 h 50 min 1 sec;2.8336;1,293.89;456.62;0;99;15;100.00;100.00;100.00;;;21/09/2024 09:13;normal;82.58;01:54:42;aspiration;00:00:00;https://api-gateway.gs-robot.com/legacy/public/robot-task/app/report/v3a/png/1/en/d98b6a0d-f30c-4ee6-8972-4a1dab1370f0;Normal end
22/09/2024 10:57;22/09/2024 13:33;coursives_F1;Correspondance_F1_K1;Atalian_Roissy;GS142-0230-J4P-P000;admin;92.70;993.75;2 h 15 min 52 sec;2.2644;921.20;406.81;0;98;27;100.00;100.00;100.00;;;22/09/2024 19:34;normal;72.55;01:22:48;aspiration;00:00:00;https://api-gateway.gs-robot.com/legacy/public/robot-task/app/report/v3a/png/1/en/0dd029db-e434-459e-a678-8f6cf1af0aa7;Normal end
23/09/2024 22:47;24/09/2024 08:16;Porte_K_CorrespondanceF2;K1_K2_Cage_CorrespondanceF2;Atalian_Roissy;GS142-0230-J4P-P000;admin;78.70;1,629.31;2 h 56 min 51 sec;2.9475;1,281.92;434.89;0;99;99;100.00;100.00;100.00;;;24/09/2024 14:16;normal;347.38;02:15:46;aspiration;00:00:00;https://api-gateway.gs-robot.com/legacy/public/robot-task/app/report/v3a/png/1/en/0a96ce6d-13f6-4690-8fd8-b614247e96d6;Manual termination
24/09/2024 08:17;24/09/2024 09:37;coursives_F1;Coursive_F1_Fusion;Atalian_Roissy;GS142-0230-J4P-P000;admin;84.50;601.58;0 h 57 min 49 sec;0.9636;508.19;527.31;0;99;68;100.00;100.00;100.00;;;24/09/2024 15:37;normal;93.39;00:50:07;aspiration;00:00:00;https://api-gateway.gs-robot.com/legacy/public/robot-task/app/report/v3a/png/1/en/fb1b5de9-da91-4550-9c0e-0b360b6bd762;Normal end
24/09/2024 10:32;24/09/2024 12:03;coursives_F2;Coursives_F2_Fusion;Atalian_Roissy;GS142-0230-J4P-P000;admin;90.10;598.52;1 h 8 min 53 sec;1.1481;539.22;469.64;0;64;28;100.00;100.00;100.00;;;24/09/2024 18:03;normal;59.30;00:49:52;aspiration;00:00:00;https://api-gateway.gs-robot.com/legacy/public/robot-task/app/report/v3a/png/1/en/6aca7ad1-8655-48b2-9b13-dbc3f8b1d832;Normal end
25/09/2024 00:17;25/09/2024 03:11;Porte_K_CorrespondanceF2_BS;Correspondance_F2;Atalian_Roissy;GS142-0230-J4P-P000;admin;94.20;1,377.31;2 h 39 min 44 sec;2.6622;1,296.96;487.17;0;99;21;100.00;100.00;100.00;;;25/09/2024 09:11;normal;80.35;01:54:46;aspiration;00:00:00;https://api-gateway.gs-robot.com/legacy/public/robot-task/app/report/v3a/png/1/en/8eff54af-27ae-4b09-97f8-37c6040d4e84;Normal end
25/09/2024 08:45;25/09/2024 10:00;coursives_F1;Coursive_F1_Fusion;Atalian_Roissy;GS142-0230-J4P-P000;admin;92.50;601.82;1 h 0 min 31 sec;1.0086;556.77;551.99;0;99;68;100.00;100.00;100.00;;;25/09/2024 16:00;normal;45.05;00:50:09;aspiration;00:00:00;https://api-gateway.gs-robot.com/legacy/public/robot-task/app/report/v3a/png/1/en/415a0c16-5509-4866-80cb-b1832ad9055d;Normal end
25/09/2024 10:38;25/09/2024 11:40;coursives_F2;Coursives_F2_Fusion;Atalian_Roissy;GS142-0230-J4P-P000;admin;72.00;598.23;0 h 45 min 25 sec;0.7569;430.43;568.50;0;66;42;100.00;100.00;100.00;;;25/09/2024 17:41;normal;167.80;00:49:51;aspiration;00:00:00;https://api-gateway.gs-robot.com/legacy/public/robot-task/app/report/v3a/png/1/en/44a77a9e-87f7-4298-8c89-bbb4776d9fa5;Normal end
26/09/2024 08:21;26/09/2024 10:23;coursives_F1;Coursive_F1_Fusion;Atalian_Roissy;GS142-0230-J4P-P000;admin;41.60;599.76;0 h 56 min 52 sec;0.9478;249.61;263.32;0;98;56;100.00;100.00;100.00;;;26/09/2024 16:23;normal;350.15;00:49:58;aspiration;00:00:00;https://api-gateway.gs-robot.com/legacy/public/robot-task/app/report/v3a/png/1/en/c8c7d99b-e857-45b5-abe5-7a7667cf1e40;Manual termination
26/09/2024 13:40;26/09/2024 13:47;coursives_F1;Coursive_F1_Fusion;Atalian_Roissy;GS142-0230-J4P-P000;admin;0.00;596.29;0 h 0 min 0 sec;0.0000;0.00;0.00;0;99;99;100.00;100.00;100.00;;;26/09/2024 19:47;normal;596.29;00:49:41;aspiration;00:00:00;https://api-gateway.gs-robot.com/legacy/public/robot-task/app/report/v3a/png/1/en/f2edf074-6e97-4c01-9e16-943a14da6a3d;Manual termination
29/10/2024 08:39;29/10/2024 09:53;coursives_F1;Coursive_F1_Fusion;Atalian_Roissy;GS142-0230-J4P-P000;user;92.60;601.99;1 h 0 min 5 sec;1.0014;557.26;556.40;0;99;68;100.00;100.00;100.00;;;29/10/2024 16:53;normal;44.73;00:50:09;aspiration;00:00:00;https://api-gateway.gs-robot.com/legacy/public/robot-task/app/report/v3a/png/1/en/826039dc-e44f-47b4-b802-0cea20a6f866;Normal end
26/10/2024 10:16;26/10/2024 11:31;coursives_F2;Coursives_F2_Fusion;Atalian_Roissy;GS142-0230-J4P-P000;Utilisateur;91.90;598.59;1 h 0 min 20 sec;1.0056;550.23;547.13;0;99;69;100.00;100.00;100.00;;;26/10/2024 17:31;normal;48.36;00:49:52;aspiration;00:00:00;https://api-gateway.gs-robot.com/legacy/public/robot-task/app/report/v3a/png/1/en/640855c0-6d58-436c-88cf-0661c2b07321;Normal end
25/10/2024 22:22;26/10/2024 01:17;Porte_K_CorrespondanceF2_BS;Correspondance_F2;Atalian_Roissy;GS142-0230-J4P-P000;user;93.60;1,375.92;2 h 43 min 56 sec;2.7322;1,288.02;471.39;0;99;20;100.00;100.00;100.00;;;26/10/2024 07:17;normal;87.90;01:54:39;aspiration;00:00:00;https://api-gateway.gs-robot.com/legacy/public/robot-task/app/report/v3a/png/1/en/843c0302-6b89-4964-adf3-2ce39ed0de9a;Normal end
24/10/2024 22:29;25/10/2024 01:25;Porte_K_CorrespondanceF2_BS;Correspondance_F2;Atalian_Roissy;GS142-0230-J4P-P000;user;93.40;1,381.47;2 h 43 min 29 sec;2.7247;1,290.84;473.75;0;99;20;100.00;100.00;100.00;;;25/10/2024 07:26;normal;90.63;01:55:07;aspiration;00:00:00;https://api-gateway.gs-robot.com/legacy/public/robot-task/app/report/v3a/png/1/en/2150512c-e4d8-40e5-8874-2c11e5bccadb;Normal end
24/10/2024 08:17;24/10/2024 10:49;coursives_F1;Correspondance_F1_K1;Atalian_Roissy;GS142-0230-J4P-P000;user;92.00;993.92;2 h 18 min 9 sec;2.3025;914.61;397.22;0;99;29;100.00;100.00;100.00;;;24/10/2024 16:49;normal;79.30;01:22:49;aspiration;00:00:00;https://api-gateway.gs-robot.com/legacy/public/robot-task/app/report/v3a/png/1/en/3d07fd11-c9a3-4644-b065-b2d39ef26c05;Normal end
23/10/2024 01:53;24/10/2024 00:34;Porte_K_CorrespondanceF2;K1_K2_Cage_CorrespondanceF2;Atalian_Roissy;GS142-0230-J4P-P000;user;94.30;1,633.07;3 h 48 min 40 sec;3.8111;1,540.40;404.17;0;91;43;100.00;100.00;100.00;;;24/10/2024 06:34;normal;92.67;02:16:05;aspiration;00:00:00;https://api-gateway.gs-robot.com/legacy/public/robot-task/app/report/v3a/png/1/en/25626ac1-2f31-4122-bb15-fd4c979c024e;Normal end
23/10/2024 00:17;23/10/2024 00:38;Porte_K_CorrespondanceF2;K1_K2_Cage_CorrespondanceF2;Atalian_Roissy;GS142-0230-J4P-P000;user;0.10;1,583.83;0 h 0 min 12 sec;0.0033;1.41;422.27;0;98;97;100.00;100.00;100.00;;;23/10/2024 06:38;normal;1,582.42;02:11:59;aspiration;00:00:00;https://api-gateway.gs-robot.com/legacy/public/robot-task/app/report/v3a/png/1/en/1489c35a-4f87-4fe9-8bfa-f9bc895653b2;Manual termination
22/10/2024 11:40;22/10/2024 14:43;coursives_F2;Coursives_F2_Fusion;Atalian_Roissy;GS142-0230-J4P-P000;user;0.30;592.67;0 h 0 min 15 sec;0.0042;1.90;439.14;0;58;44;100.00;100.00;100.00;;;22/10/2024 20:44;normal;590.77;00:49:23;aspiration;00:00:00;https://api-gateway.gs-robot.com/legacy/public/robot-task/app/report/v3a/png/1/en/d92fcdee-7a5f-4e9a-9dd8-75fb3f6ee168;Manual termination
22/10/2024 08:29;22/10/2024 09:54;coursives_F1;Coursive_F1_Fusion;Atalian_Roissy;GS142-0230-J4P-P000;user;91.90;602.08;1 h 5 min 19 sec;1.0886;553.06;508.01;0;99;65;100.00;100.00;100.00;;;22/10/2024 15:57;normal;49.02;00:50:10;aspiration;00:00:00;https://api-gateway.gs-robot.com/legacy/public/robot-task/app/report/v3a/png/1/en/a79d9ae6-17fc-43b5-aba4-e730eef46dca;Normal end
21/10/2024 13:48;21/10/2024 14:25;coursives_F2;Coursives_F2_Fusion;Atalian_Roissy;GS142-0230-J4P-P000;user;39.50;594.71;0 h 24 min 13 sec;0.4036;234.70;581.18;0;23;10;100.00;100.00;100.00;;;21/10/2024 20:25;normal;360.01;00:49:33;aspiration;00:00:00;https://api-gateway.gs-robot.com/legacy/public/robot-task/app/report/v3a/png/1/en/5ea2f313-e2b6-4b01-aa14-152d2259d899;Manual termination
21/10/2024 11:04;21/10/2024 12:25;coursives_F2;Coursives_F2_Fusion;Atalian_Roissy;GS142-0230-J4P-P000;user;91.30;599.13;1 h 2 min 35 sec;1.0431;546.76;524.10;0;60;29;100.00;100.00;100.00;;;21/10/2024 18:25;normal;52.37;00:49:55;aspiration;00:00:00;https://api-gateway.gs-robot.com/legacy/public/robot-task/app/report/v3a/png/1/en/2957201f-18a6-417b-bf34-17908f779d4a;Normal end
21/10/2024 08:01;21/10/2024 10:19;coursives_F1;Coursive_F1_Fusion;Atalian_Roissy;GS142-0230-J4P-P000;user;91.00;601.99;1 h 0 min 24 sec;1.0067;547.67;544.01;0;99;63;100.00;100.00;100.00;;;21/10/2024 16:19;normal;54.32;00:50:09;aspiration;00:00:00;https://api-gateway.gs-robot.com/legacy/public/robot-task/app/report/v3a/png/1/en/de1487ee-55bd-450f-98de-8ae8ea263fb4;Normal end
20/10/2024 08:34;20/10/2024 11:03;coursives_F1;Correspondance_F1_K1;Atalian_Roissy;GS142-0230-J4P-P000;user;91.60;996.03;2 h 12 min 43 sec;2.2119;912.76;412.65;0;99;33;100.00;100.00;100.00;;;20/10/2024 17:03;normal;83.28;01:23:00;aspiration;00:00:00;https://api-gateway.gs-robot.com/legacy/public/robot-task/app/report/v3a/png/1/en/e47711b2-e2bc-41a3-ac47-c083513f97bc;Normal end
19/10/2024 09:14;19/10/2024 10:26;coursives_F1;Coursive_F1_Fusion;Atalian_Roissy;GS142-0230-J4P-P000;user;93.50;602.46;0 h 59 min 37 sec;0.9936;563.55;567.09;0;96;66;100.00;100.00;100.00;;;19/10/2024 16:26;normal;38.91;00:50:12;aspiration;00:00:00;https://api-gateway.gs-robot.com/legacy/public/robot-task/app/report/v3a/png/1/en/386c6863-35d9-4c18-957f-46da2d31fc9e;Normal end
17/10/2024 08:22;17/10/2024 10:42;coursives_F1;Correspondance_F1_K1;Atalian_Roissy;GS142-0230-J4P-P000;admin;92.40;993.86;2 h 9 min 16 sec;2.1544;917.88;426.04;0;99;35;100.00;100.00;100.00;;;17/10/2024 16:42;normal;75.98;01:22:49;aspiration;00:00:00;https://api-gateway.gs-robot.com/legacy/public/robot-task/app/report/v3a/png/1/en/ff74aad9-c3a0-41f0-bcb8-0b7e5d138737;Normal end
16/10/2024 22:32;16/10/2024 22:42;Porte_K_CorrespondanceF2;K1_K2_Cage_CorrespondanceF2;Atalian_Roissy;GS142-0230-J4P-P000;user;0.00;1,583.74;0 h 0 min 0 sec;0.0000;0.00;0.00;0;99;99;100.00;100.00;100.00;;;17/10/2024 04:41;normal;1,583.74;02:11:58;aspiration;00:00:00;https://api-gateway.gs-robot.com/legacy/public/robot-task/app/report/v3a/png/1/en/41f804a4-d584-4f83-b028-e2c712baa305;Manual termination
16/10/2024 13:56;16/10/2024 14:34;coursives_F2;Coursives_F2_Fusion;Atalian_Roissy;GS142-0230-J4P-P000;user;48.00;595.66;0 h 31 min 45 sec;0.5292;285.75;539.74;0;57;41;100.00;100.00;100.00;;;16/10/2024 20:34;normal;309.90;00:49:38;aspiration;00:00:00;https://api-gateway.gs-robot.com/legacy/public/robot-task/app/report/v3a/png/1/en/1a54cf41-cfe9-417c-9114-ddc528f5a8aa;Manual termination
16/10/2024 11:28;16/10/2024 12:57;coursives_F1;Coursive_F1_Fusion;Atalian_Roissy;GS142-0230-J4P-P000;user;90.40;600.86;1 h 7 min 36 sec;1.1267;543.32;482.23;0;97;61;100.00;100.00;100.00;;;16/10/2024 18:57;normal;57.54;00:50:04;aspiration;00:00:00;https://api-gateway.gs-robot.com/legacy/public/robot-task/app/report/v3a/png/1/en/ccb20752-7677-4bb1-bbaf-7e4adcc35343;Normal end
13/10/2024 08:37;13/10/2024 11:14;coursives_F1;Correspondance_F1_K1;Atalian_Roissy;GS142-0230-J4P-P000;admin;90.90;992.90;2 h 18 min 17 sec;2.3047;902.85;391.70;0;98;32;100.00;100.00;100.00;;;13/10/2024 17:14;normal;90.06;01:22:44;aspiration;00:00:00;https://api-gateway.gs-robot.com/legacy/public/robot-task/app/report/v3a/png/1/en/e1faa901-6399-4037-a2a8-0b8a5cd71b79;Normal end
10/10/2024 09:05;10/10/2024 10:22;coursives_F1;Coursive_F1_Fusion;Atalian_Roissy;GS142-0230-J4P-P000;admin;93.40;602.84;1 h 0 min 34 sec;1.0094;562.98;557.64;0;98;69;100.00;100.00;100.00;;;13/10/2024 14:29;normal;39.86;00:50:14;aspiration;00:00:00;https://api-gateway.gs-robot.com/legacy/public/robot-task/app/report/v3a/png/1/en/f1b8700c-ec23-43f2-bd04-25e6ee07556c;Normal end
08/10/2024 09:04;08/10/2024 10:26;coursives_F1;Coursive_F1_Fusion;Atalian_Roissy;GS142-0230-J4P-P000;admin;91.40;601.63;1 h 2 min 47 sec;1.0464;550.00;525.54;0;98;67;100.00;100.00;100.00;;;13/10/2024 14:29;normal;51.63;00:50:08;aspiration;00:00:00;https://api-gateway.gs-robot.com/legacy/public/robot-task/app/report/v3a/png/1/en/505e6c5a-eb90-4430-9819-a77230814623;Normal end
05/10/2024 09:16;05/10/2024 10:30;coursives_F2;Coursives_F2_Fusion;Atalian_Roissy;GS142-0230-J4P-P000;admin;91.80;597.77;0 h 59 min 0 sec;0.9833;548.87;558.08;0;99;72;100.00;100.00;100.00;;;13/10/2024 14:29;normal;48.90;00:49:48;aspiration;00:00:00;https://api-gateway.gs-robot.com/legacy/public/robot-task/app/report/v3a/png/1/en/742d58ad-d201-4db5-ab55-f563a43e8797;Normal end
04/10/2024 11:37;04/10/2024 13:07;coursives_F2;Coursives_F2_Fusion;Atalian_Roissy;GS142-0230-J4P-P000;admin;92.20;598.54;1 h 5 min 52 sec;1.0978;551.93;502.66;0;98;65;100.00;100.00;100.00;;;13/10/2024 14:29;normal;46.61;00:49:52;aspiration;00:00:00;https://api-gateway.gs-robot.com/legacy/public/robot-task/app/report/v3a/png/1/en/7f6133fa-def6-4d2c-8019-cde2a24279ad;Normal end
01/10/2024 08:03;04/10/2024 11:36;coursives_F1;Coursive_F1_Fusion;Atalian_Roissy;GS142-0230-J4P-P000;admin;44.80;599.94;0 h 29 min 24 sec;0.4900;269.01;548.99;0;99;98;100.00;100.00;100.00;;;13/10/2024 14:29;normal;330.93;00:49:59;aspiration;00:00:00;https://api-gateway.gs-robot.com/legacy/public/robot-task/app/report/v3a/png/1/en/6caf51f6-9aa6-4e94-85a9-2f12944e2897;Manual termination
31/10/2024 23:53;31/10/2024 23:56;Porte_K_CorrespondanceF2_BS;Correspondance_F2;Atalian_Roissy;GS142-0230-J4P-P000;Utilisateur;0.20;1,297.43;0 h 0 min 15 sec;0.0042;2.11;478.57;0;97;97;100.00;100.00;100.00;;;01/11/2024 06:56;normal;1,295.33;01:48:07;aspiration;00:00:00;https://api-gateway.gs-robot.com/legacy/public/robot-task/app/report/v3a/png/1/en/4c4fd7ac-9a90-4ecb-b523-dd3aa470b741;Manual termination
31/10/2024 23:28;31/10/2024 23:50;Porte_K_CorrespondanceF2;K1_K2_Cage_CorrespondanceF2;Atalian_Roissy;GS142-0230-J4P-P000;Utilisateur;0.10;1,583.85;0 h 0 min 14 sec;0.0039;1.95;470.34;0;99;97;100.00;100.00;100.00;;;01/11/2024 06:50;normal;1,581.90;02:11:59;aspiration;00:00:00;https://api-gateway.gs-robot.com/legacy/public/robot-task/app/report/v3a/png/1/en/4f691b00-8509-4246-b1f5-012c2469d65d;Manual termination
31/10/2024 14:13;31/10/2024 23:24;coursives_F2;Correspondance_F2_K2;Atalian_Roissy;GS142-0230-J4P-P000;user;67.20;1,108.82;1 h 44 min 14 sec;1.7372;745.57;429.14;0;61;99;100.00;100.00;100.00;;;01/11/2024 06:24;normal;363.24;01:32:24;aspiration;00:00:00;https://api-gateway.gs-robot.com/legacy/public/robot-task/app/report/v3a/png/1/en/5992a873-43ee-4c10-ba19-655ed11730ab;Manual termination
31/10/2024 10:58;31/10/2024 12:16;coursives_F2;Coursives_F2_Fusion;Atalian_Roissy;GS142-0230-J4P-P000;user;92.30;598.74;1 h 1 min 23 sec;1.0231;552.65;540.13;0;67;37;100.00;100.00;100.00;;;31/10/2024 19:17;normal;46.09;00:49:53;aspiration;00:00:00;https://api-gateway.gs-robot.com/legacy/public/robot-task/app/report/v3a/png/1/en/e5fdde7e-d4d5-43e1-a63e-f2636705c11a;Normal end
31/10/2024 09:00;31/10/2024 10:12;coursives_F1;Coursive_F1_Fusion;Atalian_Roissy;GS142-0230-J4P-P000;user;92.20;602.25;0 h 57 min 18 sec;0.9550;555.13;581.20;0;99;71;100.00;100.00;100.00;;;31/10/2024 17:12;normal;47.12;00:50:11;aspiration;00:00:00;https://api-gateway.gs-robot.com/legacy/public/robot-task/app/report/v3a/png/1/en/b253c92f-4c84-4653-8706-15b65c688b9f;Normal end
30/10/2024 13:55;30/10/2024 16:10;coursives_F1;Correspondance_F1_K1;Atalian_Roissy;GS142-0230-J4P-P000;user;92.10;994.17;2 h 3 min 21 sec;2.0558;915.71;445.39;0;99;39;100.00;100.00;100.00;;;30/10/2024 23:10;normal;78.46;01:22:50;aspiration;00:00:00;https://api-gateway.gs-robot.com/legacy/public/robot-task/app/report/v3a/png/1/en/ab74c33f-e6ec-4908-b0aa-5e49e07f6e6f;Normal end
30/10/2024 10:22;30/10/2024 11:44;coursives_F2;Coursives_F2_Fusion;Atalian_Roissy;GS142-0230-J4P-P000;user;92.20;598.83;1 h 4 min 12 sec;1.0700;552.24;516.09;0;67;35;100.00;100.00;100.00;;;30/10/2024 18:44;normal;46.59;00:49:54;aspiration;00:00:00;https://api-gateway.gs-robot.com/legacy/public/robot-task/app/report/v3a/png/1/en/f36ebc0e-cfb7-442a-b339-3ecc41f66f44;Normal end
30/10/2024 08:21;30/10/2024 09:35;coursives_F1;Coursive_F1_Fusion;Atalian_Roissy;GS142-0230-J4P-P000;user;93.30;602.69;0 h 59 min 30 sec;0.9917;562.21;566.88;0;99;70;100.00;100.00;100.00;;;30/10/2024 16:36;normal;40.48;00:50:13;aspiration;00:00:00;https://api-gateway.gs-robot.com/legacy/public/robot-task/app/report/v3a/png/1/en/1e264128-67e4-4473-8105-7f440c2fbc73;Normal end
29/10/2024 22:26;30/10/2024 08:15;Porte_K_CorrespondanceF2;K1_K2_Cage_CorrespondanceF2;Atalian_Roissy;GS142-0230-J4P-P000;user;85.20;1,623.84;3 h 8 min 59 sec;3.1497;1,383.92;439.35;0;99;99;100.00;100.00;100.00;;;30/10/2024 15:15;normal;239.92;02:15:19;aspiration;00:00:00;https://api-gateway.gs-robot.com/legacy/public/robot-task/app/report/v3a/png/1/en/3f81fb78-3c78-470d-8e58-7650c2282b61;Manual termination
29/10/2024 13:27;29/10/2024 22:25;coursives_F1;Correspondance_F1_K1;Atalian_Roissy;GS142-0230-J4P-P000;user;58.20;986.83;1 h 8 min 51 sec;1.1475;573.92;500.03;0;45;99;100.00;100.00;100.00;;;30/10/2024 05:25;normal;412.90;01:22:14;aspiration;00:00:00;https://api-gateway.gs-robot.com/legacy/public/robot-task/app/report/v3a/png/1/en/900519af-b067-4b81-830f-480271eea8d1;Manual termination
29/10/2024 10:52;29/10/2024 12:11;coursives_F2;Coursives_F2_Fusion;Atalian_Roissy;GS142-0230-J4P-P000;user;92.30;598.55;1 h 0 min 47 sec;1.0131;552.44;545.26;0;63;31;100.00;100.00;100.00;;;29/10/2024 19:11;normal;46.11;00:49:52;aspiration;00:00:00;https://api-gateway.gs-robot.com/legacy/public/robot-task/app/report/v3a/png/1/en/e9359a0c-7f94-4c30-be23-d301521e2f6b;Normal end
29/10/2024 08:39;29/10/2024 09:53;coursives_F1;Coursive_F1_Fusion;Atalian_Roissy;GS142-0230-J4P-P000;user;92.60;601.99;1 h 0 min 5 sec;1.0014;557.26;556.40;0;99;68;100.00;100.00;100.00;;;29/10/2024 16:53;normal;44.73;00:50:09;aspiration;00:00:00;https://api-gateway.gs-robot.com/legacy/public/robot-task/app/report/v3a/png/1/en/826039dc-e44f-47b4-b802-0cea20a6f866;Normal end
28/10/2024 11:40;28/10/2024 13:00;coursives_F2;Coursives_F2_Fusion;Atalian_Roissy;GS142-0230-J4P-P000;user;92.30;598.90;1 h 1 min 46 sec;1.0294;552.49;536.61;0;56;24;100.00;100.00;100.00;;;28/10/2024 20:00;normal;46.41;00:49:54;aspiration;00:00:00;https://api-gateway.gs-robot.com/legacy/public/robot-task/app/report/v3a/png/1/en/d98d219a-083b-447b-90e0-d4a1fab01db3;Normal end
28/10/2024 07:55;28/10/2024 09:15;coursives_F1;Coursive_F1_Fusion;Atalian_Roissy;GS142-0230-J4P-P000;user;92.20;602.04;1 h 1 min 23 sec;1.0231;554.88;542.27;0;99;66;100.00;100.00;100.00;;;28/10/2024 16:15;normal;47.16;00:50:10;aspiration;00:00:00;https://api-gateway.gs-robot.com/legacy/public/robot-task/app/report/v3a/png/1/en/ce69bd47-a729-47b8-9387-90ac1a6b4841;Normal end
27/10/2024 11:19;27/10/2024 11:21;coursives_F1;Correspondance_F1_K1;Atalian_Roissy;GS142-0230-J4P-P000;user;0.40;982.18;0 h 0 min 19 sec;0.0053;3.86;699.20;0;26;26;100.00;100.00;100.00;;;27/10/2024 18:21;normal;978.32;01:21:50;aspiration;00:00:00;https://api-gateway.gs-robot.com/legacy/public/robot-task/app/report/v3a/png/1/en/cb8c2c5d-e131-434f-9d3f-ee78bfefc05d;Manual termination
27/10/2024 08:03;27/10/2024 10:35;coursives_F1;Correspondance_F1_K1;Atalian_Roissy;GS142-0230-J4P-P000;user;91.50;993.74;2 h 15 min 39 sec;2.2608;909.28;402.17;0;98;29;100.00;100.00;100.00;;;27/10/2024 17:35;normal;84.46;01:22:48;aspiration;00:00:00;https://api-gateway.gs-robot.com/legacy/public/robot-task/app/report/v3a/png/1/en/6898b28d-458f-4bd3-a536-573931257ff3;Normal end
07/11/2024 23:04;07/11/2024 23:06;Porte_K_CorrespondanceF2_BS;Correspondance_F2;Atalian_Roissy;GS142-0230-J4P-P000;user;0.20;1,297.46;0 h 0 min 20 sec;0.0056;2.09;374.56;0;99;99;100.00;100.00;100.00;;;08/11/2024 06:06;normal;1,295.37;01:48:07;aspiration;00:00:00;https://api-gateway.gs-robot.com/legacy/public/robot-task/app/report/v3a/png/1/en/1281cd26-efd9-4788-9484-3fe1438f4285;Manual termination
07/11/2024 10:46;07/11/2024 10:47;coursives_F2;Coursives_F2_Fusion;Atalian_Roissy;GS142-0230-J4P-P000;user;0.60;592.60;0 h 0 min 16 sec;0.0044;3.29;700.11;0;93;93;100.00;100.00;100.00;;;07/11/2024 17:47;normal;589.32;00:49:23;aspiration;00:00:00;https://api-gateway.gs-robot.com/legacy/public/robot-task/app/report/v3a/png/1/en/39715826-179a-416f-98df-961bb5d2c7e6;Manual termination
07/11/2024 10:40;07/11/2024 10:41;coursives_F2;Coursives_F2_Fusion;Atalian_Roissy;GS142-0230-J4P-P000;user;0.30;592.56;0 h 0 min 12 sec;0.0033;1.79;517.58;0;93;93;100.00;100.00;100.00;;;07/11/2024 17:41;normal;590.76;00:49:22;aspiration;00:00:00;https://api-gateway.gs-robot.com/legacy/public/robot-task/app/report/v3a/png/1/en/f6827e85-09bf-41da-8317-6213d4b8908e;Manual termination
06/11/2024 23:18;07/11/2024 02:09;Porte_K_CorrespondanceF2;K1_K2_Cage_CorrespondanceF2;Atalian_Roissy;GS142-0230-J4P-P000;user;56.60;1,626.53;2 h 19 min 26 sec;2.3239;920.20;395.96;0;80;12;100.00;100.00;100.00;;;07/11/2024 09:09;normal;706.33;02:15:32;aspiration;00:00:00;https://api-gateway.gs-robot.com/legacy/public/robot-task/app/report/v3a/png/1/en/28ad7207-0ac4-4890-bdcd-3729766534df;Manual termination
06/11/2024 15:41;06/11/2024 16:13;coursives_F2;Coursives_F2_Fusion;Atalian_Roissy;GS142-0230-J4P-P000;user;41.80;596.00;0 h 28 min 22 sec;0.4728;249.09;526.63;0;94;81;100.00;100.00;100.00;;;06/11/2024 23:13;normal;346.92;00:49:40;aspiration;00:00:00;https://api-gateway.gs-robot.com/legacy/public/robot-task/app/report/v3a/png/1/en/8faca0d1-aec6-4409-b52a-7334a7301494;Manual termination
06/11/2024 15:35;06/11/2024 15:38;coursives_F2;Coursives_F2_Fusion;Atalian_Roissy;GS142-0230-J4P-P000;user;1.50;593.03;0 h 0 min 52 sec;0.0144;8.66;594.23;0;95;94;100.00;100.00;100.00;;;06/11/2024 22:39;normal;584.37;00:49:25;aspiration;00:00:00;https://api-gateway.gs-robot.com/legacy/public/robot-task/app/report/v3a/png/1/en/d14946d2-8b1c-4aa7-b3b7-f178d9eb0713;Manual termination
06/11/2024 15:14;06/11/2024 15:18;coursives_F2;Coursives_F2_Fusion;Atalian_Roissy;GS142-0230-J4P-P000;user;0.20;592.57;0 h 0 min 5 sec;0.0014;0.96;617.85;0;97;96;100.00;100.00;100.00;;;06/11/2024 22:18;normal;591.60;00:49:22;aspiration;00:00:00;https://api-gateway.gs-robot.com/legacy/public/robot-task/app/report/v3a/png/1/en/461c460c-ac02-4640-b7ff-70b7697fda0b;Manual termination
06/11/2024 14:29;06/11/2024 14:33;coursives_F2;Coursives_F2_Fusion;Atalian_Roissy;GS142-0230-J4P-P000;user;0.30;592.59;0 h 0 min 12 sec;0.0033;1.96;552.40;0;99;99;100.00;100.00;100.00;;;06/11/2024 21:33;normal;590.63;00:49:22;aspiration;00:00:00;https://api-gateway.gs-robot.com/legacy/public/robot-task/app/report/v3a/png/1/en/cfedf39e-65eb-4f39-9790-425cf7fd92a4;Manual termination
06/11/2024 08:41;06/11/2024 08:42;coursives_F1;Coursive_F1_Fusion;Atalian_Roissy;GS142-0230-J4P-P000;user;0.10;596.29;0 h 0 min 2 sec;0.0006;0.36;642.47;0;99;99;100.00;100.00;100.00;;;06/11/2024 15:42;normal;595.93;00:49:41;aspiration;00:00:00;https://api-gateway.gs-robot.com/legacy/public/robot-task/app/report/v3a/png/1/en/620e0e56-d46d-410c-aed1-3df94b5cf77b;Manual termination
04/11/2024 11:16;04/11/2024 11:18;coursives_F2;Coursives_F2_Fusion;Atalian_Roissy;GS142-0230-J4P-P000;user;0.40;592.60;0 h 0 min 13 sec;0.0036;2.13;573.33;0;99;99;100.00;100.00;100.00;;;04/11/2024 18:18;normal;590.47;00:49:23;aspiration;00:00:00;https://api-gateway.gs-robot.com/legacy/public/robot-task/app/report/v3a/png/1/en/af602aa8-0735-4d16-b341-88e0432b3ef7;Manual termination
04/11/2024 09:23;04/11/2024 09:26;coursives_F1;Coursive_F1_Fusion;Atalian_Roissy;GS142-0230-J4P-P000;user;0.80;596.38;0 h 0 min 25 sec;0.0069;4.56;655.29;0;98;97;100.00;100.00;100.00;;;04/11/2024 16:26;normal;591.81;00:49:41;aspiration;00:00:00;https://api-gateway.gs-robot.com/legacy/public/robot-task/app/report/v3a/png/1/en/beb2b858-6742-4ffd-9639-f672abf2d16e;Manual termination
04/11/2024 09:17;04/11/2024 09:18;coursives_F1;Coursive_F1_Fusion;Atalian_Roissy;GS142-0230-J4P-P000;user;0.30;596.29;0 h 0 min 7 sec;0.0019;1.77;876.82;0;98;98;100.00;100.00;100.00;;;04/11/2024 16:18;normal;594.52;00:49:41;aspiration;00:00:00;https://api-gateway.gs-robot.com/legacy/public/robot-task/app/report/v3a/png/1/en/9224619c-e95f-4304-b840-5eaf5e7ea343;Manual termination
2024-11-23 10:07:03;2024-11-23 11:23:44;coursives_F2;Coursives_F2_Fusion;Atalian_Roissy;GS142-0230-J4P-P000;user;92.30;599.10;1 h 1 min 44 sec;1.0289;552.86;537.33;0;69;38;100.00;100.00;100.00;;;2024-11-23 18:23:33;normal;46.24;00: 49: 55;aspiration;00: 00: 00;https://api-gateway.gs-robot.com/legacy/public/robot-task/app/report/v3a/png/1/en/e56dedaa-9cec-46c8-887a-8a6ad55390c6;Normal end
2024-11-23 08:39:54;2024-11-23 09:44:38;coursives_F1;Coursive_F1_Fusion;Atalian_Roissy;GS142-0230-J4P-P000;user;93.20;602.93;0 h 53 min 49 sec;0.8969;561.72;626.13;0;98;71;100.00;100.00;100.00;;;2024-11-23 16:44:32;normal;41.21;00: 50: 14;aspiration;00: 00: 00;https://api-gateway.gs-robot.com/legacy/public/robot-task/app/report/v3a/png/1/en/92a52ec5-2b49-42c4-a564-64b4511bec2b;Normal end
2024-11-22 10:44:10;2024-11-22 12:48:16;coursives_F2;Coursives_F2_Fusion;Atalian_Roissy;GS142-0230-J4P-P000;user;80.20;596.83;0 h 56 min 7 sec;0.9353;478.74;511.85;0;39;6;100.00;100.00;100.00;;;2024-11-22 19:48:08;normal;118.09;00: 49: 44;aspiration;00: 00: 00;https://api-gateway.gs-robot.com/legacy/public/robot-task/app/report/v3a/png/1/en/9ec5fb47-0fcc-4b61-aa49-3b7122dc4152;Manual termination
2024-11-22 09:24:59;2024-11-22 10:37:27;coursives_F1;Coursive_F1_Fusion;Atalian_Roissy;GS142-0230-J4P-P000;user;92.10;602.38;0 h 56 min 36 sec;0.9433;554.76;587.96;0;69;40;100.00;100.00;100.00;;;2024-11-22 17:37:21;normal;47.62;00: 50: 11;aspiration;00: 00: 00;https://api-gateway.gs-robot.com/legacy/public/robot-task/app/report/v3a/png/1/en/600438b8-954e-44ee-a9b5-e77866f510a8;Normal end
2024-11-22 08:05:35;2024-11-22 09:17:02;coursives_F1;Coursive_F1_Fusion;Atalian_Roissy;GS142-0230-J4P-P000;user;93.20;602.53;0 h 56 min 53 sec;0.9481;561.46;592.14;0;99;69;100.00;100.00;100.00;;;2024-11-22 16:16:55;normal;41.07;00: 50: 12;aspiration;00: 00: 00;https://api-gateway.gs-robot.com/legacy/public/robot-task/app/report/v3a/png/1/en/35cb468c-7954-4088-9bbf-8cf382eff7be;Normal end
2024-11-21 09:56:12;2024-11-21 11:09:09;coursives_F2;Coursives_F2_Fusion;Atalian_Roissy;GS142-0230-J4P-P000;user;92.80;599.06;0 h 56 min 51 sec;0.9475;555.92;586.67;0;65;36;100.00;100.00;100.00;;;2024-11-21 18:08:59;normal;43.14;00: 49: 55;aspiration;00: 00: 00;https://api-gateway.gs-robot.com/legacy/public/robot-task/app/report/v3a/png/1/en/03b5804c-a6a2-49b1-8803-2ced128e5e87;Normal end
2024-11-21 08:23:29;2024-11-21 09:44:13;coursives_F1;Coursive_F1_Fusion;Atalian_Roissy;GS142-0230-J4P-P000;user;92.50;603.45;1 h 4 min 36 sec;1.0767;558.29;518.51;0;99;66;100.00;100.00;100.00;;;2024-11-21 16:44:17;normal;45.16;00: 50: 17;aspiration;00: 00: 00;https://api-gateway.gs-robot.com/legacy/public/robot-task/app/report/v3a/png/1/en/e93fd623-03d4-4cbd-b56e-38afc2ad5e89;Normal end
2024-11-20 22:38:28;2024-11-21 08:21:22;Porte_K_CorrespondanceF2;K1_K2_Cage_CorrespondanceF2;Atalian_Roissy;GS142-0230-J4P-P000;user;82.30;1,628.50;3 h 5 min 0 sec;3.0833;1,340.71;434.81;0;99;99;100.00;100.00;100.00;;;2024-11-21 15:21:21;normal;287.79;02: 15: 42;aspiration;00: 00: 00;https://api-gateway.gs-robot.com/legacy/public/robot-task/app/report/v3a/png/1/en/24b8feeb-14f0-4751-8ee5-61ee677db5e9;Manual termination
2024-11-20 12:31:03;2024-11-20 13:54:58;coursives_F2;Coursives_F2_Fusion;Atalian_Roissy;GS142-0230-J4P-P000;user;91.80;598.30;1 h 5 min 34 sec;1.0928;549.26;502.52;0;99;67;100.00;100.00;100.00;;;2024-11-21 05:29:03;normal;49.04;00: 49: 51;aspiration;00: 00: 00;https://api-gateway.gs-robot.com/legacy/public/robot-task/app/report/v3a/png/1/en/35614622-29d1-4e54-aa39-eb938688dabd;Normal end
2024-11-20 08:22:17;2024-11-20 10:02:49;coursives_F1;Coursive_F1_Fusion;Atalian_Roissy;GS142-0230-J4P-P000;user;80.40;601.60;0 h 53 min 17 sec;0.8881;483.90;544.75;0;39;8;100.00;100.00;100.00;;;2024-11-20 17:02:43;normal;117.70;00: 50: 07;aspiration;00: 00: 00;https://api-gateway.gs-robot.com/legacy/public/robot-task/app/report/v3a/png/1/en/ae006c8d-238e-4735-a0b8-98bcf2c3eaed;Manual termination
2024-11-19 10:24:30;2024-11-19 11:41:50;coursives_F2;Coursives_F2_Fusion;Atalian_Roissy;GS142-0230-J4P-P000;user;91.60;598.23;1 h 2 min 6 sec;1.0350;548.23;529.63;0;60;30;100.00;100.00;100.00;;;2024-11-19 18:41:52;normal;50.00;00: 49: 51;aspiration;00: 00: 00;https://api-gateway.gs-robot.com/legacy/public/robot-task/app/report/v3a/png/1/en/b5a27bf0-97a5-43bf-b178-b47db52ffd9f;Normal end
2024-11-19 08:18:26;2024-11-19 09:51:45;coursives_F1;Coursive_F1_Fusion;Atalian_Roissy;GS142-0230-J4P-P000;user;92.10;602.78;1 h 5 min 30 sec;1.0917;554.95;508.35;0;98;63;100.00;100.00;100.00;;;2024-11-19 16:51:50;normal;47.83;00: 50: 13;aspiration;00: 00: 00;https://api-gateway.gs-robot.com/legacy/public/robot-task/app/report/v3a/png/1/en/d9c00c90-5f80-4018-a425-840fb6af3bee;Normal end
2024-11-17 09:09:02;2024-11-17 10:25:12;coursives_F2;Coursives_F2_Fusion;Atalian_Roissy;GS142-0230-J4P-P000;user;91.50;598.54;1 h 0 min 5 sec;1.0014;547.75;546.98;0;66;35;100.00;100.00;100.00;;;2024-11-17 17:25:06;normal;50.79;00: 49: 52;aspiration;00: 00: 00;https://api-gateway.gs-robot.com/legacy/public/robot-task/app/report/v3a/png/1/en/77e9b3e5-440f-41b3-843d-020ab6b385b9;Normal end
2024-11-17 07:37:10;2024-11-17 08:57:10;coursives_F1;Coursive_F1_Fusion;Atalian_Roissy;GS142-0230-J4P-P000;user;92.40;602.78;1 h 2 min 25 sec;1.0403;557.20;535.55;0;99;66;100.00;100.00;100.00;;;2024-11-17 15:57:05;normal;45.58;00: 50: 13;aspiration;00: 00: 00;https://api-gateway.gs-robot.com/legacy/public/robot-task/app/report/v3a/png/1/en/2ac20e45-2071-4afd-8eea-2ba6c7832b8a;Normal end
2024-11-16 10:17:47;2024-11-16 11:37:38;coursives_F2;Coursives_F2_Fusion;Atalian_Roissy;GS142-0230-J4P-P000;user;92.00;598.32;1 h 3 min 36 sec;1.0600;550.29;519.08;0;72;41;100.00;100.00;100.00;;;2024-11-16 18:37:33;normal;48.03;00: 49: 51;aspiration;00: 00: 00;https://api-gateway.gs-robot.com/legacy/public/robot-task/app/report/v3a/png/1/en/0472ab8e-37ce-45f6-b864-cb59a49c8fea;Normal end
2024-11-16 09:04:22;2024-11-16 10:11:42;coursives_F1;Coursive_F1_Fusion;Atalian_Roissy;GS142-0230-J4P-P000;user;93.80;602.17;0 h 55 min 52 sec;0.9311;565.03;606.75;0;99;72;100.00;100.00;100.00;;;2024-11-16 17:11:40;normal;37.14;00: 50: 10;aspiration;00: 00: 00;https://api-gateway.gs-robot.com/legacy/public/robot-task/app/report/v3a/png/1/en/59711430-10af-4754-b905-01ee633667b7;Normal end
2024-11-16 00:31:59;2024-11-16 08:58:42;Porte_K_CorrespondanceF2;K1_K2_Cage_CorrespondanceF2;Atalian_Roissy;GS142-0230-J4P-P000;user;83.50;1,630.00;3 h 6 min 23 sec;3.1064;1,361.69;438.34;0;98;99;100.00;100.00;100.00;;;2024-11-16 15:58:37;normal;268.31;02: 15: 50;aspiration;00: 00: 00;https://api-gateway.gs-robot.com/legacy/public/robot-task/app/report/v3a/png/1/en/9a5f59e0-1136-4f7d-a249-876e4cd7557e;Manual termination
2024-11-15 10:16:35;2024-11-15 12:17:14;coursives_F2;Coursives_F2_Fusion;Atalian_Roissy;GS142-0230-J4P-P000;user;64.00;596.47;0 h 41 min 53 sec;0.6981;381.96;547.04;0;31;6;100.00;100.00;100.00;;;2024-11-15 19:17:10;normal;214.51;00: 49: 42;aspiration;00: 00: 00;https://api-gateway.gs-robot.com/legacy/public/robot-task/app/report/v3a/png/1/en/1e075705-6bdf-43cb-9cf4-18dab898b2e2;Manual termination
2024-11-15 07:46:09;2024-11-15 09:30:38;coursives_F1;Coursive_F1_Fusion;Atalian_Roissy;GS142-0230-J4P-P000;user;92.30;602.00;1 h 1 min 50 sec;1.0306;555.90;539.38;0;68;35;100.00;100.00;100.00;;;2024-11-15 16:30:38;normal;46.10;00: 50: 09;aspiration;00: 00: 00;https://api-gateway.gs-robot.com/legacy/public/robot-task/app/report/v3a/png/1/en/15fc1551-3b10-4447-bdc0-c4c255c3b605;Normal end
2024-11-14 22:55:24;2024-11-15 02:00:50;Porte_K_CorrespondanceF2;K1_K2_Cage_CorrespondanceF2;Atalian_Roissy;GS142-0230-J4P-P000;user;3.50;1,587.83;1 h 5 min 49 sec;1.0969;56.19;51.22;0;99;65;100.00;100.00;100.00;;;2024-11-15 09:00:43;normal;1,531.64;02: 12: 19;aspiration;00: 00: 00;https://api-gateway.gs-robot.com/legacy/public/robot-task/app/report/v3a/png/1/en/26094591-5850-46f8-971a-b78b7a30dcd8;Manual termination
2024-11-13 23:33:38;2024-11-14 22:55:08;Porte_K_CorrespondanceF2;K1_K2_Cage_CorrespondanceF2;Atalian_Roissy;GS142-0230-J4P-P000;user;84.10;1,623.96;3 h 8 min 26 sec;3.1406;1,366.45;435.07;0;99;99;100.00;100.00;100.00;;;2024-11-15 05:55:02;normal;257.51;02: 15: 19;aspiration;00: 00: 00;https://api-gateway.gs-robot.com/legacy/public/robot-task/app/report/v3a/png/1/en/cea739a6-b43f-4b17-82c3-fcc794086df0;Manual termination
2024-11-13 18:32:14;2024-11-13 18:37:05;coursives_F2;Coursives_F2_Fusion;Atalian_Roissy;GS142-0230-J4P-P000;user;9.00;594.10;0 h 4 min 11 sec;0.0697;53.55;767.81;0;97;95;100.00;100.00;100.00;;;2024-11-14 01:37:02;normal;540.55;00: 49: 30;aspiration;00: 00: 00;https://api-gateway.gs-robot.com/legacy/public/robot-task/app/report/v3a/png/1/en/a1930c8f-5eac-4d90-8835-f2f0ef47406e;Manual termination
2024-11-13 16:46:58;2024-11-13 16:47:58;coursives_F2;Coursives_F2_Fusion;Atalian_Roissy;GS142-0230-J4P-P000;user;0.50;592.60;0 h 0 min 13 sec;0.0036;3.00;789.07;0;98;98;100.00;100.00;100.00;;;2024-11-13 23:47:54;normal;589.60;00: 49: 23;aspiration;00: 00: 00;https://api-gateway.gs-robot.com/legacy/public/robot-task/app/report/v3a/png/1/en/616011d7-493a-4305-b7dd-de3f7b7fff45;Manual termination
2024-11-13 16:37:43;2024-11-13 16:41:44;coursives_F2;Coursives_F2_Fusion;Atalian_Roissy;GS142-0230-J4P-P000;user;0.20;592.60;0 h 0 min 8 sec;0.0022;1.34;561.41;0;99;99;100.00;100.00;100.00;;;2024-11-13 23:41:42;normal;591.26;00: 49: 23;aspiration;00: 00: 00;https://api-gateway.gs-robot.com/legacy/public/robot-task/app/report/v3a/png/1/en/a4251c4f-9eb1-4696-ba5f-8014a708c796;Manual termination
